1017700270027;6,4;200 MG/G GEL CT  PT  PLAS OPC X 12 G (SABOR TUTTI-FRUTTI);Liberado;Positiva
1017700270035;6,4;200 MG/G GEL CT  PT  PLAS OPC X 12 G (SABOR MENTA);Liberado;Positiva
1017700280014;93,51;30 MG/ML + 0,03 UI/ML SOL INJ 50 CARPULES VD INC X 1,8 ML;Liberado;Positiva
1017700300015;114,52;30MG/ML SOL INJ CT BL TRANS X 50 CARP VD TRANS X 1,8ML;Liberado;Positiva
1018000930014;205,49;500 MG CAP DURA CT FR VD AMB X 100;Regulado;Positiva
1018001040018;29,83;10 MG CAP GEL DURA CT FR VD AMB X 5;Regulado;Positiva
1018001040026;93,78;40 MG CAP GEL DURA CT FR VD AMB X 5;Regulado;Positiva
1018001090028;59,55;854,4 MG/G PO OR CT 10 ENV AL POLIET X 4,68 G;Regulado;Positiva
1018001280056;69,46;160 MG COM CT BL AL PLAS INC X 20;Regulado;Positiva
1018001280080;72,19;120 MG COM CT FR PLAS OPC X 30;Regulado;Positiva
1018001370048;1057,89;10 MG/ML SOL INJ CT 10 AMP VD INC X 5 ML;Regulado;Positiva
1018001420033;225,95;160 MG COM CT FR VD AMB X 30;Regulado;Positiva
1018001460021;26,29;400 MG + 20 MG COM AMARELO/400 MG + 4 MG COM LARANJA CT BL AL/AL X 12 + 12;Liberado;Negativa
1018001460089;285,64;400 MG + 20 MG COM AMARELO/400 MG + 4 MG COM LARANJA DISP BL AL/AL X 100 + 100;Liberado;Negativa
1018001510019;911,11;6 MG/ML SOL INJ IV CT FA VD INC X 5 ML;Regulado;Positiva
1018001510035;3037,19;6 MG/ML SOL INJ IV CT FA VD INC X 16,7 ML;Regulado;Positiva
1018001510051;9111,83;6 MG/ML SOL INJ IV CT FA VD INC X 50 ML + REV PLAS;Regulado;Positiva
1018002780011;26,29;800 MG + 20 MG COM CT BL AL /AL X 12 COM AMARELO + 12 COM BRANCO;Liberado;Negativa
1018002780028;142,8;800 MG + 20 MG COM CX  BL AL/AL X 50 COM AMARELO  + 50 COM BRANCO�;Liberado;Negativa
1018003010031;1882,63;200 MG CAP DURA CT FR PLAS HDPE OPC X 60;Regulado;Positiva
1018003010099;1377,26;300 MG CAP DURA CT FR PLAS HDPE OPC X 30;Regulado;Positiva
1018003770018;951,41;0,5 MG COM REV CT FR PLAS HDPE OPC X 30�;Regulado;Positiva
1018003900019;1832,48;250 MG PO LIOF SOL INJ CT 1 FA + SER DESCART�VEL;Regulado;Positiva
1018003900027;1454,77;125 MG/ML SOL INJ SC CT SER PREENCHIDA;Regulado;Positiva
1018003900078;5819,17;125 MG/ML SOL INJ SC CT 4 SER PREENC VD TRANS + DISPOSITIVO ULTRASAFE PASSIVE + EXTENSORES DE APOIO;Regulado;Positiva
1018003920036;6518,46;20 MG COM REV CT FR PLAS OPC X 60;Regulado;Positiva
1018003920060;13036,98;50 MG COM REV CT FR PLAS OPC X 60�;Regulado;Positiva
1018003920109;12944,83;100 MG COM REV CT FR PLAS OPC X 30;Regulado;Positiva
1018003960046;92,76;5,0 MG COM REV CT BL AL/AL X 28;Regulado;Positiva
1018004020012;17800,96;50 MG SOL INJ CT 1 FA VD TRANS X 10 ML;Regulado;Positiva
1018004020020;71203,94;200 MG SOL INJ CT 1 FA VD TRANS X 40 ML;Regulado;Positiva
1018004040064;124,14;10 MG COM REV CT BL AL AL X 30;Regulado;Positiva
1018004050043;407,02;250 MCG/ ML SOL INJ CT CARP VD TRANS X 2.4 ML X SIST APLIC PLAS�;Regulado;Positiva
1018004060014;4192,12;60 MG COM REV CT BL AL PLAS TRANS X 7;Regulado;Negativa
1018004060022;16768,6;60 MG COM REV CT BL AL PLAS TRANS X 28;Regulado;Negativa
1018004060049;8384,28;30 MG COM REV CT BL AL PLAS TRANS X 28;Regulado;Negativa
1018004070087;126,36;10MG + 1000MG COM REV LIB PROL CT BL AL/AL X 30;Regulado;Negativa
1018004080015;2929,52;40 MG SOL INJ CT 1 FA VD INC X 4 ML;Regulado;Negativa
1018004080023;7323,78;100 MG SOL INJ CT 1 FA VD INC X 10 ML;Regulado;Negativa
1018004090010;5935,05;300 MG PO LIOF SOL INJ CT 1 FA VD TRANS;Regulado;Negativa
1018004090029;7913,4;400 MG PO LIOF SOL INJ CT 1 FA VD TRANS;Regulado;Negativa
1018004100032;10316,39;5 MG CAP DURA CT BL AL PLAS TRANS X 14;Regulado;Negativa
1018004100040;14509,02;5 MG CAP DURA CT BL AL PLAS TRANS X 21;Regulado;Negativa
1018004100067;10816,51;10 MG CAP DURA CT BL AL PLAS TRANS X 14;Regulado;Negativa
1018004100075;15212,4;10 MG CAP DURA CT BL AL PLAS TRANS X 21;Regulado;Negativa
1018004100083;19441,41;10 MG CAP DURA CT BL AL PLAS TRANS X 28;Regulado;Negativa
1018004100105;11409,21;15 MG CAP DURA CT BL AL PLAS TRANS X 14;Regulado;Negativa
1018004100113;16045,97;15 MG CAP DURA CT BL AL PLAS TRANS X 21;Regulado;Negativa
1018004100121;20506,68;15 MG CAP DURA CT BL AL PLAS TRANS X 28;Regulado;Negativa
1018004100148;17650,62;20 MG CAP DURA CT BL AL PLAS TRANS X 21;Regulado;Negativa
1018004100164;12550,17;25 MG CAP DURA CT BL AL PLAS TRANS X 14;Regulado;Negativa
1018004100172;17650,62;25 MG CAP DURA CT BL AL PLAS TRANS X 21;Regulado;Negativa
1018004110011;10013,2;25 MG PO LIOF SOL INJ SC CT FA VD TRANS;Regulado;Negativa
1018004110021;30036,25;75 MG PO LIOF SOL INJ SC CT FA VD TRANS;Regulado;Negativa
1018300760025;134,29;0,4 MG/ML XPE CX 50 FR VD AMB X 120 ML;Regulado;Positiva
1018300990039;147,46;100 MG/G GEL VAG CX 50 BG AL X 50 G + 50 APLIC (EMB HOSP);Regulado;Positiva
1018301040034;109,4;200 MG/ML SOL OR CX 50 FR PLAS OPC X 15 ML;Regulado;Negativa
1018301100010;59,81;25 MG COM CX 50 ENV AL POLIET X 10 (EMB. HOSP.);Regulado;Positiva
1018301210010;121,04;400 MG + 80 MG COM CX ENV AL POLIET X 500;Regulado;Positiva
1018301260026;16,41;25 MG COM CX 50 ENV KRAFT POLIET X 10;Regulado;Positiva
1018301370018;100,55;500 MG/ML SOL OR CX 100 FR PLAS OPC GOT X 10 ML (EMB HOSP);Regulado;Negativa
1018301430056;257,54;10 MG/ML XPE CX  20 FR VD AMB X 200 ML;Regulado;Positiva
1018301450021;72,65;100 MG COM CT BL AL PLAS TRANS X 100;Regulado;Positiva
1018301480026;36,14;25 MG COM CT BL AL PLAS TRANS X 30;Regulado;Positiva
1018301490110;64,22;25 MG COM REV CT BL AL PLAS TRANS X 30;Regulado;Negativa
1018301490129;228,49;100 MG COM REV CT BL AL PLAS TRANS X 30;Regulado;Negativa
1018301490137;406,94;200 MG COM REV CT BL AL PLAS TRANS X 30;Regulado;Negativa
1018301520125;302,78;5 MG COM REV CT BL AL/AL X 30;Regulado;Positiva
1018301520133;576,9;10 MG COM REV CT BL AL/AL X 30;Regulado;Positiva
1018600020019;45,91;10 MG/ML SOL INJ CX 100 AMP VD AMB X 1 ML;Regulado;Positiva
1018600020027;53,46;40 MG/ML SOL INJ CX 100 AMP VD AMB X 1 ML;Regulado;Positiva
1018600020035;64,59;40 MG/ML SOL INJ CX 100 AMP VD AMB X 2 ML;Regulado;Positiva
1018600030014;37,93;10 MG SOL INJ CX PAP 100 AMP VD INC X 2 ML;Regulado;Negativa
1018600180016;49,3;20 MG SOL INJ CX 100 AMP VD AMB X 2 ML;Regulado;Positiva
1018600190046;31,14;5 MG COM CX ENV AL POLIET X 500;Regulado;Positiva
1018600190062;6,78;5 MG COM CX ENV AL POLIET X 30;Regulado;Positiva
1018600190070;34,48;10 MG COM CX ENV AL POLIET X 500;Regulado;Positiva
1018600190097;10,13;10 MG COM CX ENV AL POLIET X 30;Regulado;Positiva
1018600190100;62,33;5 MG COM CX ENV AL POLIET X 1000;Regulado;Positiva
1018600190119;68,98;10 MG COM CX ENV AL POLIET X 1000;Regulado;Positiva
1018600300011;58,45;5 MG/ML SOL INJ IV/IM CX 100 AMP VD AMB X 2ML;Regulado;Positiva
1018600310017;66,62;100 MG/ML SOL INJ CX 100 AMP VD AMB X 5 ML (EMB HOSP);Regulado;Positiva
1018600320012;101,87;20 MG SOL INJ CX 100 AMP VD AMB X 2 ML;Regulado;Positiva
1018600320020;2,04;20 MG SOL INJ CT 2 AMP VD AMB X 2 ML;Regulado;Positiva
1018600320039;5,09;20 MG SOL INJ CT 5 AMP VD AMB X 2 ML;Regulado;Positiva
1018600320047;50,93;20 MG SOL INJ CX 50 AMP VD AMB X 2 ML;Regulado;Positiva
1018600330018;67,68;(4 + 1 + 2 + 20 + 3) MG/ML SOL INJ CX 100 AMP VD AMB X 2ML;Regulado;Negativa
1018600340013;45,31;10 MG/ML SOL INJ CX 100 AMP VD AMB X 1 ML;Regulado;Positiva
1018600340021;214,14;40 MG/ML SOL INJ CX 100 AMP VD AMB X 1 ML;Regulado;Positiva
1018600340031;437,35;40 MG/ML SOL INJ CX 100 AMP VD AMB X 2 ML;Regulado;Positiva
1018600340048;0,89;10 MG/ML SOL INJ CT 2 AMP VD AMB X 1 ML;Regulado;Positiva
1018600340056;2,26;10 MG/ML SOL INJ CT 5 AMP VD AMB X 1 ML;Regulado;Positiva
1018600340064;4,28;40 MG/ML SOL INJ CT 2 AMP VD AMB X 1 ML;Regulado;Positiva
1018600340072;10,69;40 MG/ML SOL INJ CT 5 AMP VD AMB X 1 ML;Regulado;Positiva
1018600340080;8,74;40 MG/ML SOL INJ CT 2 AMP VD AMB X 2 ML;Regulado;Positiva
1018600340099;21,86;40 MG/ML SOL INJ CT 5 AMP VD AMB X 2 ML;Regulado;Positiva
1018600350019;27,81;667 MG/ML XPE CT 1 FR PLAS AMB X 120 ML + COP (SABOR AMEIXA);Liberado;Negativa
1018600350027;1390,62;667 MG/ML XPE CX 50 FR PLAS AMB X 120 ML + COP (SABOR AMEIXA);Liberado;Negativa
1019100610044;30,46;25 MG + 5 MG + 25 MG  + 150 UI CAP DURA BUC CT BL AL PLAS TRANS X 20;Liberado;Negativa
1019102380062;22,97;0,5 MG/ML SOL TOP CT FR PLAS OPC GOT X 25 ML�;Regulado;Positiva
1019102380097;22,97;0,5 MG/ML SOL TOP CT FR PLAS AMB CGT X 25 ML;Regulado;Positiva
1019102560028;30,29;2 MG/ML SOL OR CT FR PLAS PET AMB X 120 ML + SER DOS;Regulado;Negativa
1019102560036;9,9;25 MG COM REV CT BL AL PLAS PVC TRANS X 10;Regulado;Negativa
1019102560044;29,73;25 MG COM REV CT BL AL PLAS PVC TRANS X 30;Regulado;Negativa
1019102560125;11,27;2 MG/ML SOL OR CT FR PLAS PET AMB X 60 ML + SER DOS;Regulado;Negativa
1019102670028;23,85;0,25MG/G GEL CT BG AL X 25 G;Regulado;Positiva
1019102670036;34,1;0,5MG/G CREME DERM CT BG AL X 25 G�;Regulado;Positiva
1019102670060;65,25;1,00MG/G CREME DERM CT BG AL X 25 G;Regulado;Positiva
1019102680015;27,86;10 MG/G CREM DERM CT BG AL X 20 G;Regulado;Negativa
1019102680031;60,13;80 MG/G ESM CT FR VD TRANS X 3 G;Regulado;Negativa
1019102680041;120,47;80 MG/G ESM CT FR VD TRANS X 6 G;Regulado;Negativa
1019102680082;20,99;10 MG/ML SOL SPR DERM CT FR PLAS OPC  X 15 ML;Regulado;Negativa
1019102680090;42,95;10 MG/ML SOL SPR DERM CT FR PLAS OPC X 30 ML�;Regulado;Negativa
1019102680104;70,62;10 MG/ML SOL SPR DERM CT FR PLAS OPC  X 50 ML�;Regulado;Negativa
1019102950012;71,03;40 MG/G + 0,1 MG/G + 0,5 MG/G CREM DERM CT BG AL PLAS X 15 G�;Regulado;Negativa
1019103030014;56,03;0,25 MG/G + 12 MG/G GEL CT BG AL X 25 G;Regulado;Negativa
1019103040011;122;50 MG/ML SOL SPR CAPI CT FR SPR PLAS PEAD OPC X 50 ML;Regulado;Negativa
1019103040028;56,24;50 MG/ML SOL SPR CAPI CT FR SPR PLAS PEAD OPC X 25 ML;Regulado;Negativa
1020100540023;2078,27;500.000 UI PO LIOF CT 25 FA VD TRANS��;Regulado;Positiva
1020100620019;104,99;4 G + 500 MG P� LIOF SUS INJ CT FA VD TRANS;Regulado;Positiva
1020100620027;1050,17;4 G + 500 MG P� LIOF SUS INJ CT 10 FA VD TRANS;Regulado;Positiva
1020100630014;112,3;500 MG PO LIOF SOL INJ IV CT FA VD TRANS X 10 ML;Regulado;Positiva
1020100630022;1123,02;500 MG PO LIOF SOL INJ IV CT 10 FA VD TRANS X 10 ML;Regulado;Positiva
1020100640011;252,25;1 G PO LIOF SOL INJ/INFUS IM/IV CT FA VD TRANS;Regulado;Positiva
1020100640028;2522,54;1 G PO LIOF SOL INJ/INFUS IM/IV CT 10 FA VD TRANS;Regulado;Positiva
1021601310150;18,17;0,5 MG COM SUB-LING CT BL AL PLAS INC X 15�;Regulado;Positiva
1021601310169;36,34;0,5 MG COM SUB-LING CT BL AL PLAS INC X 30;Regulado;Positiva
1021601470034;694,4;20 MG/ML SOL INJ CT FA PLAS AMB X 2 ML (REST HOSP);Regulado;Positiva
1021601480013;15,74;100 MG COM CT BL AL PLAS INC X 30;Regulado;Positiva
1021601550119;36,43;75 MG CAP DURA CT BL AL PLAS PVC TRANS X 10�;Regulado;Positiva
1021601550127;51;75 MG CAP DURA CT BL AL PLAS PVC TRANS X 14;Regulado;Positiva
1021601550143;102;75 MG CAP DURA CT BL AL PLAS PVC TRANS X 28;Regulado;Positiva
1021601550151;109,31;75 MG CAP DURA CT BL AL PLAS PVC TRANS X 30;Regulado;Positiva
1021601550224;78,2;150 MG CAP DURA CT BL AL PLAS PVC TRANS X 14;Regulado;Positiva
1021601550240;156,42;150 MG CAP DURA CT BL AL PLAS PVC TRANS X 28;Regulado;Positiva
1021601550259;167,63;150 MG CAP DURA CT BL AL PLAS PVC TRANS X 30;Regulado;Positiva
1021601550437;12,4;25 MG CAP DURA CT BL AL PLAS PVC TRANS X 14;Regulado;Positiva
1021601810031;209,16;1 MG/ML SOL INJ CT 1 FA PLAS TRANS X 100 ML (REST HOSP);Regulado;Positiva
1021601810048;111,59;1 MG/ML SOL INJ CT 1 FA PLAS TRANS X 50 ML (REST HOSP);Regulado;Positiva
1021601820019;209,64;100 MG/ML SOL INJ CT FA PLAS TRANS X 10 ML (REST HOSP).;Regulado;Positiva
1021601840052;499,67;10 MG/ML SOL INJ CT 10 AMP PLAS TRANS X 5 ML (REST HOSP);Regulado;Positiva
1021602380012;10,24;5 MG COM CT BL AL PLAS PVC OPC X 10;Regulado;Positiva
1021602380020;20,79;5 MG COM CT BL AL PLAS PVC OPC X 20;Regulado;Positiva
1021602380039;20,2;10 MG COM CT BL AL PLAS PVC OPC X 10;Regulado;Positiva
1021602380047;41,04;10 MG COM CT BL AL PLAS PVC OPC X 20;Regulado;Positiva
1021602380055;21,52;5 MG COM CT BL AL PLAS PVC OPC X 21;Regulado;Positiva
1021602380063;28,69;5 MG COM CT BL AL PLAS PVC OPC X 28;Regulado;Positiva
1021602380081;30,3;5 MG COM CT BL AL PLAS PVC OPC X 30;Regulado;Positiva
1021602380098;59,64;10 MG COM CT BL AL PLAS PVC OPC X 30;Regulado;Positiva
1021602380101;61,51;5 MG COM CT BL AL PLAS PVC OPC X 60;Regulado;Positiva
1021602380111;121,17;10 MG COM CT BL AL PLAS PVC OPC X 60;Regulado;Positiva
1021602430011;201,05;PO LIOF INJ CT FA VD TRANS + SOL DIL SER PREENC VD TRANS X 0,5 ML + 2 AGU;Regulado;Negativa
1021602440023;20,55;COM REV CT FR PLAS OPC X 30;Liberado;Negativa
1021602440031;41,14;COM REV CT FR PLAS OPC X 60;Liberado;Negativa
1021602470011;22,06;600 MG + 400 UI COM REV CT FR PLAS OPC X 30;Liberado;Negativa
1021602470021;44,1;600 MG + 400 UI COM REV CT FR PLAS OPC X 60;Liberado;Negativa
1021602490012;31,79;COM REV CT FR PLAS OPC X 30;Liberado;Negativa
1021602500026;3839,34;50 MG/ML SOL INJ SC CT 4 SER PREENC VD TRANS X 0,5 ML + 4 AGU + 8 LEN;Regulado;Positiva
1021602500042;7678,7;50 MG/ML SOL INJ SC CT 4 SER PREENC VD TRANS X 1,0 ML + 4 AGU + 8 LEN;Regulado;Positiva
1021602500077;1876,41;50 MG/ML SOL INJ SC CT 2 SER PREENC VD TRANS X 0,5 ML + 2 AGU + 2 LEN;Regulado;Positiva
1021602500085;3752,82;50 MG/ML SOL INJ SC CT 4 SER PREENC VD TRANS X 0,5 ML + 4 AGU + 4 LEN;Regulado;Positiva
1021602500093;3730,77;50 MG/ML SOL INJ SC CT 2 SER PREENC VD TRANS X 1,0 ML + 2 AGU + 2 LEN;Regulado;Positiva
1021602500107;7461,53;50 MG/ML SOL INJ SC CT 4 SER PREENC VD TRANS X 1,0 ML + 4 AGU + 4 LEN;Regulado;Positiva
1021602500131;3708,76;50 MG/ML SOL INJ SC CT 2 SER PREENC VD TRANS X 1,0 ML + 2 CAN APLIC + 4 LEN;Regulado;Positiva
1021602500141;3708,76;50 MG/ML SOL INJ SC CT 2 SER PREENC VD TRANS X 1,0 ML + 2 CAN APLIC + 2 LEN;Regulado;Positiva
1021602500158;7417,49;50 MG/ML SOL INJ SC CT 4 SER PREENC VD TRANS X 1,0 ML + 4 CAN APLIC + 8 LEN;Regulado;Positiva
1021602500166;7417,49;50 MG/ML SOL INJ SC CT 4 SER PREENC VD TRANS X 1,0 ML + 4 CAN APLIC + 4 LEN;Regulado;Positiva
1021602500182;7512,77;50 MG/ML SOL INJ SC CT 4 SER PREENC VD TRANS PARA APLIC X 1,0 ML + 8 LEN;Regulado;Positiva
1021602510021;3839,34;25 MG P� LIOF INJ CT 4 EST X 1 FA VD INC + 1 SER PREENCH DIL X 1 ML + 1 AGU+ 1 ADAPT + 2 LEN�OS;Regulado;Positiva
1021602620013;58,92;25 MG COM REV CT BL AL PLAS PVC TRANS X 4��;Regulado;Negativa
1021602620021;16,18;50 MG COM REV CT BL AL PLAS PVC TRANS X 1�;Regulado;Negativa
1021602620031;129,51;50 MG COM REV CT BL AL PLAS PVC TRANS X 8;Regulado;Negativa
1021602620048;64,77;50 MG COM REV CT  BL AL PLAS PVC TRANS X 4;Regulado;Negativa
1021602620064;101,39;100 MG COM REV CT  BL AL PLAS PVC TRANS X 4�;Regulado;Negativa
1021602620099;32,38;50 MG COM REV CT  BL AL PLAS PVC TRANS X 2;Regulado;Negativa
1021602630019;46,37;50 MG COM REV CT BL AL PLAS PVC TRANS X 10;Regulado;Positiva
1021602630027;56,67;50 MG COM REV CT BL AL PLAS PVC TRANS X 20;Regulado;Positiva
1021602630051;67,88;50 MG COM REV CT BL AL PLAS PVC TRANS X 28;Regulado;Positiva
1021602630061;72,96;100 MG COM REV CT BL AL PLAS PVC TRANS X 14;Regulado;Positiva
1021602630078;72,73;50 MG COM REV CT BL AL PLAS PVC TRANS X 30;Regulado;Positiva
1021602630086;156,35;100 MG COM REV CT BL AL PLAS PVC TRANS X 30;Regulado;Positiva
1021602640014;88,45;30 MG COM REV CT BL AL PLAS TRANS X 20;Regulado;Positiva
1021602650044;2301,2;20 MG COM REV CT BL AL PLAS PVC TRANS X 90;Regulado;Positiva
1021602660015;14,22;5 MG COM CT BL AL PLAS PVC OPC X 10;Regulado;Positiva
1021602660023;28,86;5 MG COM CT BL AL PLAS PVC OPC X 20;Regulado;Positiva
1021602660041;56,94;10 MG COM CT BL AL PLAS PVC OPC X 20;Regulado;Positiva
1021602660074;42,04;5 MG COM CT BL AL PLAS PVC OPC X 30;Regulado;Positiva
1021602660082;82,72;10 MG COM CT BL AL PLAS PVC OPC X 30;Regulado;Positiva
1021602660090;86,62;5 MG COM CT BL AL PLAS PVC OPC X 60;Regulado;Positiva
1021602660104;170,66;10 MG COM CT BL AL PLAS PVC OPC X 60;Regulado;Positiva
1021602670010;58,38;10 MG COM REV CT BL AL/AL X 10�;Regulado;Positiva
1021602670037;163,33;10 MG COM REV CT BL AL/AL X 30;Regulado;Positiva
1021602670045;66,78;20 MG COM REV CT BL AL/AL X 10�;Regulado;Positiva
1021602670061;200,28;20 MG COM REV CT BL AL/AL X 30;Regulado;Positiva
1021602670071;98,18;40 MG COM REV CT BL AL/AL X 10�;Regulado;Positiva
1021602670096;294,51;40 MG COM REV CT BL AL/AL X 30;Regulado;Positiva
1021602670126;294,51;80 MG COM REV CT  BL AL/AL X 30;Regulado;Positiva
1021602670142;489,97;10 MG COM REV CT BL AL/AL X 90;Regulado;Positiva
1021602670169;600,82;20 MG COM REV CT BL AL/AL X 90;Regulado;Positiva
1021602680067;12,32;200 MG CAP DURA CT BL AL PLAS TRANS X 4;Regulado;Positiva
1021602690038;46,5;100 MG CAP DURA CT BL AL PLAS TRANS X 20;Regulado;Positiva
1021602690062;15,12;200 MG CAP DURA CT BL AL PLAS TRANS X 4;Regulado;Positiva
1021602690089;38,27;200 MG CAP DURA CT BL AL PLAS TRANS X 10;Regulado;Positiva
1021602690100;111,87;200 MG CAP DURA CT BL AL PLAS TRANS X 30;Regulado;Positiva
1021602690127;56,64;200 MG CAP DURA CT BL AL PLAS TRANS X 15;Regulado;Positiva
1021602690135;6,78;200 MG CAP DURA CT BL AL PLAS TRANS X 2;Regulado;Positiva
1021602700017;57,41;75 MG CAP DURA LIB PROL CT BL AL PLAS TRANS X 7;Regulado;Positiva
1021602700025;114,78;75 MG CAP DURA LIB PROL CT BL AL PLAS TRANS X 14�;Regulado;Positiva
1021602700033;81,42;150 MG CAP DURA LIB PROL CT BL AL PLAS TRANS X 7;Regulado;Positiva
1021602700041;162,8;150 MG CAP DURA LIB PROL CT BL AL PLAS TRANS X 14;Regulado;Positiva
1021602700051;24,5;37,5 MG CAP DURA LIB PROL CT BL AL PLAS TRANS X 7����;Regulado;Positiva
1021602700068;49,04;37,5 MG CAP DURA LIB PROL CT BL AL PLAS TRANS X 14;Regulado;Positiva
1021602700076;105,09;37,5 MG CAP DURA LIB PROL CT BL AL PLAS TRANS X30;Regulado;Positiva
1021602700084;245,94;75 MG CAP DURA LIB PROL CT BL AL PLAS TRANS X30;Regulado;Positiva
1021602700092;348,87;150 MG CAP DURA LIB PROL CT BL AL PLAS TRANS X 30;Regulado;Positiva
1021602710012;148,24;40 MG CAP DURA CT BL AL AL X 14;Regulado;Positiva
1021602710039;317,79;40 MG CAP DURA CT BL AL AL X 30;Regulado;Positiva
1021602710055;246,83;80 MG CAP DURA CT BL AL AL X 14;Regulado;Positiva
1021602710071;528,96;80 MG CAP DURA CT BL AL AL X 30;Regulado;Positiva
1021602720026;19,46;0,25 MG COM CT BL AL PLAS TRANS X 30;Regulado;Positiva
1021602720042;37,95;0,5 MG COM CT BL AL PLAS TRANS X 30;Regulado;Positiva
1021602720069;67,45;1 MG COM CT BL AL PLAS TRANS X 30 �;Regulado;Positiva
1021602720077;106,7;2 MG COM CT FR VD AMB X 30 + 1 PORTA COMPRIMIDO;Regulado;Positiva
1021602720085;37,95;0,5 MG COM  LIB PROL CT BL AL/AL X 30;Regulado;Positiva
1021602720093;67,45;1 MG COM  LIB PROL CT BL AL/AL X 30;Regulado;Positiva
1021602720107;106,7;2 MG COM  LIB PROL CT BL AL/AL X 30;Regulado;Positiva
1021602740019;132,71;50 MCG/ML + 5 MG/ML SOL OFT CT FR GOT PLAS TRANS X 2,5 ML;Regulado;Positiva
1021602750014;118,12;50 MCG/ML SOL OFT CT FR PLAS TRANS GOT X 2,5 ML�;Regulado;Positiva
1021602760011;73,91;4 MG COM REV LIB CONT CT BL AL/AL X 10;Regulado;Positiva
1021602760036;221,79;4 MG COM REV LIB CONT CT BL AL/AL X 30;Regulado;Positiva
1021602770058;54,45;40 MG COM REV CT BL AL/AL X 10;Regulado;Positiva
1021602770147;54,45;10 MG COM REV CT BL AL/AL X 20;Regulado;Positiva
1021602770155;163,33;10 MG COM REV CT BL AL/AL X 60;Regulado;Positiva
1021602770163;244,99;10 MG COM REV CT BL AL/AL X 90��;Regulado;Positiva
1021602770171;54,45;20 MG COM REV CT BL AL/AL X 20;Regulado;Positiva
1021602770181;163,33;20 MG COM REV CT BL AL/AL X 60;Regulado;Positiva
1021602770198;244,99;20 MG COM REV CT BL AL/AL X 90�;Regulado;Positiva
1021602770201;108,88;40 MG COM REV CT BL AL/AL X 20;Regulado;Positiva
1021602770211;326,65;40 MG COM REV CT BL AL/AL X 60�;Regulado;Positiva
1021602770228;490,01;40 MG COM REV CT BL AL/AL X 90;Regulado;Positiva
1021602770236;326,63;80 MG COM REV CT BL AL/AL X 60�;Regulado;Positiva
1021602770244;489,97;80 MG COM REV CT BL AL/AL X 90;Regulado;Positiva
1021602780010;262,62;4 MG CAP LIB PROL CT FR PLAS OPC X 30�;Regulado;Negativa
1021602790016;30,73;75 MG CAP DURA CT BL AL PLAS PVC TRANS X 10�;Regulado;Positiva
1021602790040;86,06;75 MG CAP DURA CT BL AL PLAS PVC TRANS X 28;Regulado;Positiva
1021602790091;145,72;150 MG CAP DURA CT BL AL PLAS PVC TRANS X 28;Regulado;Positiva
1021602790113;8,85;25 MG CAP DURA CT BL AL PLAS PVC TRANS X 10;Regulado;Positiva
1023500720090;9,25;(35 + 300 + 50) MG/ML SOL OR CT FR GOT PLAS PE OPC X 20 ML�;Liberado;Negativa
1023500720181;86,97;(35 + 300 +50) MG COM CT BL AL PLAS PVC/PVDC AMB X 240;Liberado;Negativa
1023500720198;10,46;(35 + 300 +50) MG COM CT BL AL PLAS PVC/PVDC AMB X 30;Liberado;Negativa
1023500720201;8,21;(35 + 300 +50) MG COM CT BL AL PLAS PVC/PVDC AMB X 24;Liberado;Negativa
1023500720211;12,48;(35 + 300 +50) MG COM CT BL AL PLAS PVC/PVDC AMB X 36;Liberado;Negativa
1023500720228;17,06;(35 + 300 +50) MG COM CT BL AL PLAS PVC/PVDC AMB X 50;Liberado;Negativa
1023500720236;102,79;(35 + 300 +50) MG COM CT BL AL PLAS PVC/PVDC AMB X 300;Liberado;Negativa
1023500860089;26,3;(1,0 + 0,5) MG COM CT BL AL PLAS TRANS X 20�;Regulado;Negativa
1023500860097;25,04;(1,0 + 0,5) MG/G CREM CT BG AL X 20 G;Regulado;Negativa
1023501060056;14,29;0,0444 ML/G + 0,00444 G/G + 0,0980G/G + 0,2222 ML/G GEL CT BG AL X 25 G;Liberado;Negativa
1023501110016;11,71;(178+185+230) MG COM MAST CT BL AL PLAS TRANS X 24 (MAMAO-CASSIS) �;Liberado;Negativa
1023501110024;23,24;(35,6+37+48.4) MG/ML SUS CT FR VD AMB X 240ML (MAMAO-CASSIS);Liberado;Negativa
1023501110040;48,06;(178+185+230) MG PO EFEV CT 20 ENV AL X 5 G (ABACAXI)�;Liberado;Negativa
1023501110113;11,71;(178+185+230) MG COM MAST CT BL AL PLAS TRANS X 24 (LIM�O);Liberado;Negativa
1023501110156;23,69;(35,6+37+48,4) MG/ML SUS CT FR VD AMB X 240 ML (HORTEL�);Liberado;Negativa
1023501110253;175,41;(178+185+230) MG PO EFEV CT 100 ENV AL X 5 G (ABACAXI)�(EMB MULT);Liberado;Negativa
1023501110296;23,69;(35,6+37+48,4) MG/ML SUS CT FR VD AMB X 240 ML + COP (HORTEL�);Liberado;Negativa
1023501450011;11,57;1,0 MG/ML + 0,2 MG/ML + 5 MG/ML SOL NAS CT FR PLAS OPC GOT X 15 ML;Regulado;Negativa
1023501450016;11,15;0,5 MG/ML + 0,2 MG/ML + 5 MG/ML SOL NAS CT FR PLAS OPC GOT X 15 ML�;Regulado;Negativa
1023501450054;18,57;1 MG/ML + 0,2 MG/ML + 5MG/ML SOL NAS CT FR PLAS OPC NEB X 30 ML�;Regulado;Negativa
1023501560011;18,61;20 MG COM REV CT BL AL PLAS BRANCO LEITOSO X 7;Regulado;Positiva
1023501560054;30,78;40 MG COM REV CT BL AL PLAS BRANCO LEITOSO X 7;Regulado;Positiva
1023501560062;56,2;40 MG COM REV CT BL AL PLAS BRANCO LEITOSO X 14;Regulado;Positiva
1023501560070;106,17;40 MG COM REV CT BL AL PLAS BRANCO LEITOSO X 28;Regulado;Positiva
1023501560135;30,78;40 MG COM REV LIB RETARD CT BL AL AL X 7��;Regulado;Positiva
1023501560143;56,2;40 MG COM REV LIB RETARD CT BL AL AL X 14;Regulado;Positiva
1023501560151;106,17;40 MG COM REV LIB RETARD CT BL AL AL X 28;Regulado;Positiva
1023501560194;18,61;20 MG COM REV LIB RETARD CT BL AL AL X 7�;Regulado;Positiva
1023501560208;31,1;20 MG COM REV LIB RETARD CT BL AL AL X 14;Regulado;Positiva
1023501560216;59,53;20 MG COM REV LIB RETARD CT BL AL AL X 28;Regulado;Positiva
1023501560267;163,88;40 MG COM REV LIB RETARD CT BL AL AL X 42;Regulado;Positiva
1023501560275;98,04;20 MG COM REV LIB RETARD CT BL AL AL X 42;Regulado;Positiva
1023501740028;21,87;10.000 UI + 4  MG + 5 MG + 30 MG/G POM DERM CT BG AL X 15 G;Regulado;Negativa
1023501920026;30,69;400 MG COM REV CT FR VD AMB X 14�;Regulado;Positiva
1023502250164;13,46;10 MG + 250 MG COM REV CT 2 BL AL PLAS TRANS X 10;Liberado;Negativa
1023502250172;13,04;6,67 MG/ML + 333,4 MG/ML SOL OR CT FR VD AMB GOT X 20ML;Liberado;Negativa
1023502420086;18,95;32,65 MG + 3,3 MG + 10 MG + 50 MG + 25 MG +15 MCG COM REV CT FR PLAS OPC X 20;Liberado;Negativa
1023502590011;31,78;200 MG COM CT BL AL PLAS INC X 10;Regulado;Positiva
1023502590046;21,81;20 MG/G  CREM DERM CT BG AL X 20 G;Liberado;Negativa
1023502830020;21,57;15MG+250MG+20MG+15MG COM REV CT  FR PLAS OPC X 24;Liberado;Negativa
1023502940020;9,95;1 G COM EFEV CT TB PLAS X 10 (S/ A�UCAR);Liberado;Negativa
1023502940098;8,95;200 MG/ML SOL OR CT FR VD CGT X 20 ML;Liberado;Negativa
1023502940195;14,35;500 MG COM MAST CT STR X 20;Liberado;Negativa
1023502940209;8,95;200 MG/ML SOL OR CT FR VD CGT X 20 ML;Liberado;Negativa
1023502940217;22,48;1 G COM EFEV CT TB PLAS X 30 (S/ A�UCAR);Liberado;Negativa
1023503190017;23,71;150MG COM CT 2 ENV AL X 10;Regulado;Positiva
1023503280016;25,71;XPE CT FR VD AMB X 240 ML + COP;Liberado;Negativa
1023503280032;25,71;XPE CT FR PLAS PET AMB X 240 ML + COP;Liberado;Negativa
1023503390040;42,68;CAP GEL MOLE CT BL AL PLAS TRANS X 30;Liberado;Negativa
1023503390059;56,93;CAP GEL MOLE CT BL AL PLAS TRANS X 60;Liberado;Negativa
1023503520033;64,86;(250 MG + 62,5 MG)/5ML PO SUS OR CT FR VD AMB X 75 ML�;Regulado;Positiva
1023503520084;92,14;(200 MG + 28,5 MG)/5ML PO SUS OR CT FR VD AMB X 70 ML;Regulado;Positiva
1023503720059;9,62;5 MG COM CT BL AL PLAS INC  X 30�;Regulado;Negativa
1023503820010;39,88;100 MG CAP  DURA CT BL AL PLAS TRANS X 4;Regulado;Positiva
1023503820037;141,37;100 MG CAP  DURA CT BL AL PLAS TRANS X 15;Regulado;Positiva
1023504060011;89,82;200 MG COM CT BL AL PLAS PVC/PVDC TRANS X 25;Regulado;Positiva
1023504060036;20,39;50 MG/G CREM DERM CT BG AL X 10 G;Regulado;Negativa
1023504060060;107,79;200 MG COM CT BL AL PLAS PVC/PVDC TRANS X 30;Regulado;Positiva
1023504060079;108,35;400 MG COM CT BL AL PLAS PVDC OPC X 20;Regulado;Positiva
1023504060087;162,52;400 MG COM CT BL AL PLAS PVDC OPC X 30;Regulado;Positiva
1023504060095;270,87;400 MG COM CT BL AL PLAS PVDC OPC X 50;Regulado;Positiva
1023504100038;40,61;20 MG CAP GEL MICROG CT FR PLAS OPC X 14;Regulado;Positiva
1023504100070;40,61;20 MG  CAP DURA MCGRAN CT BL AL PLAS TRANS X 14;Regulado;Positiva
1023504100097;39,03;40 MG CAP GEL MICROG CT FR PLAS OPC X 7;Regulado;Positiva
1023504100178;39,03;40 MG CAP DURA MCGRAN CT BL AL PLAS TRANS X 7;Regulado;Positiva
1023504100232;57,53;20 MG CAP DURA MCGRAN CT BL AL PLAS TRANS X 28;Regulado;Positiva
1023504180023;51,54;100MG/G PO PREP EXT CT 50 SACH AL POLIET X 5G SABOR LIMAO-MEL (EMB MULT);Liberado;Negativa
1023504200016;26,38;100 MG CAP GEL DURA CT FR PLAS OPC X 12;Liberado;Negativa
1023504200024;19,33;200 MG PO OR CT 4 ENV KRAFT PE X 800 MG;Liberado;Negativa
1023504200040;24,17;200 MG CAP GEL DURA CT FR PLAS OPC X 6;Liberado;Negativa
1023504200091;33,08;250 MG PO OR CT 10 ENVL AL POLIET X 800 MG;Liberado;Negativa
1023504200113;30,98;250 MG CAP DURA CR FR PLAT OPC X 10;Liberado;Negativa
1023504210054;11,93;5 MG+ 50 MG + 10 MG PAS DURA CT ENV AL X 12 ( SABOR MENTA);Liberado;Negativa
1023504210161;11,93;5 MG + 50 MG + 10 MG PAS DURA CT ENV AL X 12�(SABOR MEL/LIM�O);Liberado;Negativa
1023504250064;101,71;500MG/5ML PO PREP EXTEMP CT FR VD AMB X 100 ML;Regulado;Positiva
1023504300134;12,61;150 MG COM REV CT BL AL/AL X 10�;Regulado;Positiva
1023504300150;25,19;150 MG COM REV CT BL AL/AL X 20;Regulado;Positiva
1023504300215;23,84;300 MG COM REV CT BL AL/AL X 10;Regulado;Positiva
1023504300231;46;300 MG COM REV CT BL AL/AL X 20;Regulado;Positiva
1023504310040;15,23;50 MG/ML PO P/ SUS OR CT FR VD AMB X 60 ML;Regulado;Positiva
1023504310059;41,63;50 MG/ML PO P/ SUS OR CT FR VD AMB X 150 ML�;Regulado;Positiva
1023504310105;11,14;500 MG COM CT BL AL PLAS TRANS X 6;Regulado;Positiva
1023504310113;22,28;500 MG COM CT BL AL PLAS TRANS X 12;Regulado;Positiva
1023504310121;43,49;500 MG COM CT BL AL PLAS TRANS X 24�;Regulado;Positiva
1023504310199;15,23;50 MG/ML PO P/ SUS OR CT FR PLAS OPC X 60 ML�+ CP MED;Regulado;Positiva
1023504310202;41,63;50 MG/ML PO P/ SUS OR CT FR PLAS OPC X 150 ML�+ CP MED;Regulado;Positiva
1023504400015;8,3;10 MG/G CREM  CT BG AL X 20 G;Liberado;Negativa
1023504420032;14,25;20 MG/G CREM DERM CT BG AL X 30 G;Liberado;Negativa
1023504540267;15,98;12,5 MG COM CT BL AL PLAS OPC X 30;Regulado;Positiva
1023504540321;26,05;25 MG COM CT BL AL PLAS OPC X 30;Regulado;Positiva
1023504540331;38,14;25 MG COM CT BL AL PLAS OPC X 60;Regulado;Positiva
1023504540380;46,98;50 MG COM CT BL AL PLAS OPC X 30;Regulado;Positiva
1023504540399;67,95;50 MG COM CT BL AL PLAS OPC X 60;Regulado;Positiva
1023504550025;24,48;500 MG CAP DURA CT BL AL PLAS TRANS X 15;Regulado;Positiva
1023504550033;33,91;500 MG CAP DURA CT BL AL PLAS TRANS X 21;Regulado;Positiva
1023504550051;47,48;500 MG CAP DURA CT BL AL PLAS TRANS X 30;Regulado;Positiva
1023504580129;12,28;25 MG COM CT BL AL PLAS OPC X 30;Regulado;Positiva
1023504580137;23,41;25 MG COM CT BL AL PLAS OPC X 60;Regulado;Positiva
1023504580196;19,9;50 MG COM CT BL AL PLAS OPC X 30;Regulado;Positiva
1023504580201;35,9;50 MG COM CT BL AL PLAS OPC X 60;Regulado;Positiva
1023504580277;34,86;100 MG COM CT BL AL PLAS OPC X 30;Regulado;Positiva
1023504580285;63,82;100 MG COM CT BL AL PLAS OPC X 60;Regulado;Positiva
1023504590078;26,79;200 MG COM CT BL AL PLAS OPC X 10�;Regulado;Positiva
1023504590086;74,6;200 MG COM CT BL AL PLAS OPC X 30;Regulado;Positiva
1023504610011;11,94;20 MG/ML XPE CT FR VD AMB X 100 ML + CP MED;Liberado;Negativa
1023504610028;17,3;50 MG/ML XPE CT FR VD AMB X 100 ML + CP MED;Liberado;Negativa
1023504620015;37,59;100 MG COM REV CT BL AL PLAS TRANS X 15;Regulado;Positiva
1023504640067;55,84;20 MG CAP DURA CT BL AL PLAS TRANS X 30;Regulado;Positiva
1023504640083;68,47;20 MG CAP DURA CT BL AL PLAS TRANS X 28;Regulado;Positiva
1023504650038;28,67;50 MG/ML PO SUS OR CT FR PLAS OPC X 150 ML  + COP;Regulado;Positiva
1023504650178;54,77;100 MG/ML PO SUS OR CT FR PLAS OPC X 150 ML  + COP;Regulado;Positiva
1023504680018;12,34;20 MG CAP GEL DURA CT BL AL PLAS INC X 10;Regulado;Positiva
1023504680026;18,98;20 MG CAP GEL DURA CT BL AL PLAS INC X 15;Regulado;Positiva
1023504690031;15,14;3 MG COM CT BL AL PLAS TRANS X 30;Regulado;Positiva
1023504690048;24,33;6 MG COM CT BL AL PLAS TRANS X 30;Regulado;Positiva
1023504700051;19,94;5 MG COM CT BL AL/AL X 30�;Regulado;Positiva
1023504700061;33,92;10 MG COM CT BL AL/AL X 30�;Regulado;Positiva
1023504700086;50,67;20 MG COM CT BL AL/AL X 30;Regulado;Positiva
1023504770017;32,67;20 MG/ML SHAMP CT FR PLAS OPC X 100 ML;Liberado;Negativa
1023504800013;18,64;10 MG/G CREM DERM CT BG AL X 20 G;Liberado;Negativa
1023504810027;10;3 MG/ML XPE CT FR VD AMB X 120 ML + COP;Liberado;Negativa
1023504810043;16,14;6 MG/ML XPE CT FR VD AMB X 120 ML + COP;Liberado;Negativa
1023504820154;96,5;500 MG COM REV CT BL AL PLAS OPC X 10;Regulado;Positiva
1023504820162;141,43;500 MG COM REV CT BL AL PLAS OPC X 14;Regulado;Positiva
1023504840015;8,56;(0,15 + 0,03) MG COM CT BL AL PLAS PVC TRANS X 21;Regulado;Positiva
1023504860024;12,71;4 MG/ML SOL OR CT FR VD CGT X 20 ML;Regulado;Negativa
1023504870021;65,77;10 MG COM REV CT BL AL PLAS INC X 30;Regulado;Positiva
1023504870235;219,36;20 MG COM REV CT BL AL PLAS OPC X 60;Regulado;Positiva
1023504870283;36,47;80 MG COM REV CT BL AL PLAS OPC X 10;Regulado;Positiva
1023504870496;109,69;20 MG COM REV CT BL AL PLAS OPC X 30;Regulado;Positiva
1023504870542;109,38;40 MG COM REV CT BL AL PLAS OPC X 30;Regulado;Positiva
1023504870593;65,76;10 MG COM REV CT BL AL PLAS OPC X 30;Regulado;Positiva
1023504920027;9,66;40 MG/ML SUS OR CT FR VD AMB X  120 ML;Regulado;Positiva
1023504920043;9,67;40 MG/ML SUS OR CT FR VD AMB X 120 ML + COP;Regulado;Positiva
1023504930014;5,99;6,67 MG/ML + 333,4  MG/ML SOL OR CT FR VD CGT X 20 ML;Regulado;Negativa
1023504960010;33,57;400 MG COM REV LIB PROL CT BL AL PLAS TRANS X 20��;Regulado;Positiva
1023504960061;45,33;400 MG COM REV LIB PROL CT BL AL PLAS TRANS X 30;Regulado;Positiva
1023504980127;12,14;2 MG COM CT BL AL PLAS OPC X 20;Regulado;Positiva
1023505010016;19,51;20 MG/G + 0,64 MG/G + 2,5 MG/G CREM DERM CT BG AL X 30 G;Regulado;Negativa
1023505010024;19,51;20 MG/G + 0,64 MG/G + 2,5 MG/G POM DERM CT BG AL X 30 G;Regulado;Negativa
1023505050026;21,35;100.000 UI/ML SUS CT FR VD AMB X 50 ML + CGT;Regulado;Positiva
1023505060013;20,55;1 MG/ML XPE CT FR VD AMB X 100 ML + COP;Liberado;Negativa
1023505070019;9,28;50 MG COM REV CT BL AL PLAS TRANS X 10;Regulado;Positiva
1023505070027;14,75;50 MG COM REV CT BL AL PLAS TRANS X 20;Regulado;Positiva
1023505080030;37,21;500 MG COM CT BL AL PLAS PVC TRANS X 200;Liberado;Negativa
1023505080197;6,08;100 MG COM CT BL AL PLAS PVC OPC X 30;Liberado;Negativa
1023505080219;38,45;100 MG COM CT BL AL PLAS PVC OPC X 200;Liberado;Negativa
1023505080278;20,87;100 MG COM CT BL AL PLAS  PVC OPC X 100;Liberado;Negativa
1023505110037;36,58;500 MG CAP DURA CT BL AL PLAS TRANS X 8�;Regulado;Positiva
1023505120032;101,71;100 MG/ML PO P/ SUS OR CT FR PLAS OPC X 100 ML + DOSAD;Regulado;Positiva
1023505120075;51,25;50 MG/ML PO P/ SUS OR CT FR PLAS OPC  X 100 ML + DOSAD;Regulado;Positiva
1023505130011;7,12;40 MG/ML SUS OR CT FR VD AMB X 10 ML�;Regulado;Positiva
1023505130021;7,12;40 MG/ML SUS OR CT FR VD AMB X 10 ML�+ COP;Regulado;Positiva
1023505150012;10,76;0,1 MG/ML ELX CT FR VD AMB X 120 ML�;Regulado;Positiva
1023505150020;10,76;0,1 MG/ML ELX CT FR VD AMB X 120 ML�+ COP;Regulado;Positiva
1023505160018;5,84;100 MG COM CT BL AL PLAS TRANS X 6;Liberado;Positiva
1023505190014;6,67;5 MG/G + 250  UI/G POM DERM CT BG AL X 15 G;Liberado;Negativa
1023505220037;23,45;500 MG COM REV CT BL AL PLAS OPC X 2�;Regulado;Positiva
1023505220045;54,04;500 MG COM REV CT BL AL PLAS OPC X 3;Regulado;Positiva
1023505220071;32,46;500 MG COM REV CT BL AL PLAS OPC X 5;Regulado;Positiva
1023505230083;91,4;500 MG COM CT  BL AL PLAS PVC TRANS X 240;Liberado;Negativa
1023505250017;20,33;1 MG/ML SOL NAS CT FR SPR PLAS AMB  X 10 ML;Liberado;Negativa
1023505270026;19,24;7,5 MG COM CT FR PLAS OPC X 10;Regulado;Positiva
1023505270042;19,24;7,5 MG COM CT BL AL PLAS OPC X 10�;Regulado;Positiva
1023505270190;35,41;15 MG COM CT BL AL PLAS OPC X 10�;Regulado;Positiva
1023505280048;45,71;50 MG/ML + 12,5 MG/ML PO SUS OR CT FR PLAS OPC X 75 ML + COL;Regulado;Positiva
1023505280080;45,71;50 MG/ML + 12,5 MG/ML PO SUS OR CT FR PLAS OPC X 75 ML + COP;Regulado;Positiva
1023505290027;10;10 MG COM CT BL AL PLAS PVDC TRANS X 12;Liberado;Negativa
1023505290035;16,88;1 MG/ML XPE FR VD AMB X 100 ML + DOS;Liberado;Negativa
1023505320015;57,85;500 MG + 125 MG COM REV CT BL AL AL X 12;Regulado;Positiva
1023505320023;86,56;500 MG + 125 MG COM REV CT BL AL AL X 18�;Regulado;Positiva
1023505320058;101,11;500 MG + 125 MG COM REV CT BL AL AL X 21;Regulado;Positiva
1023505330010;18,01;50 MG/ML SUS OR CT FR GOT PLAS OPC X 15 ML;Regulado;Positiva
1023505360068;46,57;5 MG COM CT BL AL PLAS LAR X 30;Regulado;Positiva
1023505360084;101,31;10 MG COM CT BL AL PLAS LAR X 30;Regulado;Positiva
1023505400027;73,28;500 MG CAP DURA CT BL AL PLAS TRANS X 10�;Regulado;Positiva
1023505440010;41,87;25 MG/ML GRAN SUS OR CT FR PLAS OPC X 60 ML+FR PLAS DIL X 31 ML+SER PLAS�;Regulado;Positiva
1023505440029;83,32;50 MG/ML GRAN SUS OR CT FR PLAS OPC X 60 ML+FR PLAS DIL X 31 ML+SER PLAS�;Regulado;Positiva
1023505440037;41,87;25 MG/ML GRAN SUS OR CT FR PLAS OPC X 60 ML + SER DOS;Regulado;Positiva
1023505440045;83,32;50 MG/ML GRAN SUS OR CT FR PLAS OPC X 60 ML + SER DOS;Regulado;Positiva
1023505470025;9,75;250 MG/ML EMU OR CT FR PLAS OPC GOT X 15 ML;Liberado;Negativa
1023505480012;22,79;400 MG COM CT BL AL PLAS TRANS X 20;Regulado;Positiva
1023505480071;7,65;200 MG COM CT BL AL PLAS TRANS X 20;Regulado;Positiva
1023505510019;23,93;300 MG + 30 MG + 125 MG + 50 MG COM CT BL AL PLAS PVC TRANS  X 30;Regulado;Negativa
1023505510035;12,03;300 MG + 30 MG + 125 MG + 50 MG COM CT BL AL PLAS PVC TRANS X 15;Regulado;Negativa
1023505510086;78,87;300 MG + 30 MG + 125 MG + 50 MG COM CT BL AL PLAS PVC TRANS X 100 (EMB FRAC);Regulado;Negativa
1023505510108;157,71;300 MG + 30 MG + 125 MG + 50 MG COM CT BL AL PLAS PVC TRANS X 200 (EMB FRAC);Regulado;Negativa
1023505530028;37,04;50 MG/ML SUS OR CT FR VD AMB X 100 ML + COP;Regulado;Positiva
1023505570011;22,28;0,4 MG/ML + 0,05 MG/ML XPE CT FR VD AMB X 120 ML + COP;Regulado;Negativa
1023505600018;50,55;40 MG/ML PO SUS CT FR PLAS OPC X 22,5 ML + FR PLAS DIL X 12 ML + SER �DOS;Regulado;Positiva
1023505600026;41,06;40 MG/ML PO SUS CT FR PLAS OPC X 15 ML + FR PLAS DIL X 9 ML + SER DOS;Regulado;Positiva
1023505600131;24,94;40 MG/ML PO SUS  CT FR PLAS OPC X 37,5 ML + FR PLAS DIL X 20 ML + SER PLAS;Regulado;Positiva
1023505610056;82,03;250 MG COM CT BL AL PLAS TRANS X  14;Regulado;Positiva
1023505610072;163,41;250 MG COM CT BL AL PLAS TRANS X  28;Regulado;Positiva
1023505640011;31,12;500 MG COM REV CT BL AL PLAS PVC TRANS X 30�;Regulado;Positiva
1023505640028;16,71;250 MG COM REV CT BL AL PLAS PVC TRANS X 30�;Regulado;Positiva
1023505700012;14,57;0,1 MG/ML ELX CT FR VD AMB X 120 ML;Regulado;Positiva
1023505770037;14,95;6 MG COM CT BL AL PLAS OPC X 2;Regulado;Positiva
1023505770045;24,1;6 MG COM CT BL AL PLAS OPC X 4�;Regulado;Positiva
1023505780016;29,94;150 MG CAP  DURA CT BL AL PLAS TRANS X 1;Regulado;Positiva
1023505780024;58,94;150 MG CAP DURA CT BL AL PLAS TRANS X 2;Regulado;Positiva
1023505780032;59,41;150 MG CAP DURA CT 2 BL AL PLAS TRANS X 1;Regulado;Positiva
1023505780075;29,71;150 MG CAP DURA CT BL AL PLAS OPC X 1;Regulado;Positiva
1023505780083;59,41;150 MG CAP DURA CT BL AL PLAS OPC X 2;Regulado;Positiva
1023505780091;891,16;150 MG CAP DURA CT BL AL PLAS OPC X 30;Regulado;Positiva
1023505780105;1485,26;150 MG CAP DURA CT BL AL PLAS OPC X 50;Regulado;Positiva
1023505800017;36,18;20 MG/G + 30 MG/G CREM VAG CT BG AL X 35 G + 7 APLIC;Regulado;Negativa
1023505810012;11,29;11,6 MG/G GEL CT BG AL X 60 G;Liberado;Negativa
1023505910017;16,04;20 MG/G + 0,644 MG/G CREM DERM CT BG AL X 30 G;Regulado;Negativa
1023505920012;15,71;20 MG/G + 0,644 MG/G POM DERM CT BG AL X 30 G;Regulado;Negativa
1023506070020;13,3;0,25 MG + 2 MG COM CT BL AL PLAS TRANS X 20;Regulado;Negativa
1023506070047;17,97;0,25 MG/5ML + 2 MG/5ML XPE CT FR VD AMB X 120 ML + COP;Regulado;Negativa
1023506070071;17,97;0,25 MG/5ML + 2 MG/5ML XPE CT FR PLAS AMB X 120 ML + COP;Regulado;Negativa
1023506080026;28,63;400 MG/5ML P� PARA SUS OR CT FR VD AMB X 100 ML + SER PLAS DOS;Regulado;Positiva
1023506080042;28,63;80 MG/ML PO SUS OR CT FR PLAS OPC X 100 ML + SER DOS;Regulado;Positiva
1023506100019;20,9;50 MG CAP DURA CT BL AL PLAS TRANS X 24�;Regulado;Positiva
1023506140010;11,3;12.5 MG COM CT BL AL PLAS TRANS X 60 �;Regulado;Positiva
1023506140045;19,86;25 MG COM CT BL AL PLAS TRANS X 60;Regulado;Positiva
1023506140053;15,13;50 MG COM CT BL AL PLAS TRANS X 30�;Regulado;Positiva
1023506150016;27,46;1 MG/G SOL CAPI CT FR GOT PLAS OPC X 50 G;Regulado;Negativa
1023506160011;24,42;10 MG CAP DURA LIB RETARD CT BL AL PLAS PVC TRANS X 14�;Regulado;Positiva
1023506160038;23,6;20 MG CAP DURA LIB RETARD CT BL AL PLAS PVC TRANS X 7;Regulado;Positiva
1023506160046;39,5;20 MG CAP DURA LIB RETARD CT BL AL PLAS PVC TRANS X 14��;Regulado;Positiva
1023506160054;77,39;20 MG CAP DURA LIB RETARD CT BL AL PLAS PVC TRANS X 28��;Regulado;Positiva
1023506160070;39,41;40 MG CAP DURA LIB RETARD CT BL AL PLAS PVC TRANS X 7;Regulado;Positiva
1023506160186;9,15;10 MG CAP DURA LIB RETARD CT BL AL PLAS PVC TRANS X 7;Regulado;Positiva
1023506160194;36,6;10 MG CAP DURA LIB RETARD CT BL AL PLAS PVC TRANS X 28;Regulado;Positiva
1023506160208;73,21;10 MG CAP DURA LIB RETARD CT BL AL PLAS PVC TRANS X 56;Regulado;Positiva
1023506160216;146,42;20 MG CAP DURA LIB RETARD CT BL AL PLAS PVC TRANS X 56;Regulado;Positiva
1023506160224;54,18;40 MG CAP DURA LIB RETARD CT BL AL PLAS PVC TRANS X 14;Regulado;Positiva
1023506160232;108,37;40 MG CAP DURA LIB RETARD CT BL AL PLAS PVC TRANS X 28;Regulado;Positiva
1023506160240;216,75;40 MG CAP DURA LIB RETARD CT BL AL PLAS PVC TRANS X 56;Regulado;Positiva
1023506170017;27,37;1 MG/G LOC DERM CT FR GOT PLAS OPC X 50 G;Regulado;Negativa
1023506190018;25,74;5 MG COM CT BL AL PLAS TRANS X 30;Regulado;Positiva
1023506190042;41,3;10 MG COM CT BL AL PLAS TRANS X 30;Regulado;Positiva
1023506190077;72,46;20 MG COM CT BL AL PLAS TRANS X 30;Regulado;Positiva
1023506260091;21,29;80 MG�COM REV CT BL AL PLAS OPC X 30�;Regulado;Positiva
1023506320019;15,69;25 MG COM CT BL AL PLAS PVC TRANS X 30;Regulado;Positiva
1023506320078;14,83;100 MG COM CT BL AL PLAS PVC TRANS X 16;Regulado;Positiva
1023506320094;27,61;100 MG COM CT BL AL PLAS PVC TRANS X 30;Regulado;Positiva
1023506320116;25,23;50 MG COM CT BL AL PLAS PVC TRANS X 30;Regulado;Positiva
1023506330014;10,79;5 MG COM CT BL AL PLAS TRANS X 20;Regulado;Positiva
1023506330030;15,74;20 MG COM CT  BL AL PLAS TRANS X 10;Regulado;Positiva
1023506330170;23,76;20 MG COM CT  BL AL PLAS TRANS X 20;Regulado;Positiva
1023506350023;95,21;5 MG COM REV CT BL AL PLAS PVDC OPC X 30;Regulado;Positiva
1023506360029;42,61;1 MG COM REV CT BL AL PLAS OPC X 30;Regulado;Negativa
1023506360045;80,98;1 MG COM REV CT BL AL PLAS OPC X 60�(EMB HOSP);Regulado;Negativa
1023506370016;30,44;120 MG COM REV CT BL AL/AL X 10�;Liberado;Negativa
1023506370032;42,74;180 MG COM REV CT BL AL/AL X 10��;Liberado;Negativa
1023506370059;27,55;120 MG COM REV CT BL AL PLAS OPC X 10��;Liberado;Negativa
1023506370067;39,62;180 MG COM REV CT BL AL PLAS OPC X 10��;Liberado;Negativa
1023506390017;22,43;50 MG + 12.5 MG COM CT BL AL PLAS TRANS X 30;Regulado;Positiva
1023506390025;44,88;50 MG + 12.5 MG COM CT BL AL PLAS TRANS X 60;Regulado;Positiva
1023506390051;35,91;100 MG + 25 MG COM CT BL AL PLAS TRANS X 30;Regulado;Positiva
1023506430035;31,02;10 MG + 25 MG COM CT BL AL PLAS OPC X 30;Regulado;Positiva
1023506430094;31,02;10 MG + 25 MG COM CT BL AL AL X 30;Regulado;Positiva
1023506440014;3,59;10 MG COM CT BL AL PLAS TRANS X 30;Regulado;Positiva
1023506440049;3,15;40 MG COM CT BL AL PLAS TRANS X 30;Regulado;Positiva
1023506440073;4,6;80 MG COM CT BL AL PLAS TRANS X 30;Regulado;Positiva
1023506500017;20,73;1,0 MG + 2,5 MG + 0,25 MG + 100.000 UI/G POM DERM CT BG AL X 30 G;Regulado;Negativa
1023506510012;20,73;1,0 MG/G + 2,5 MG/G + 0,25 MG/G + 100.000 UI/G CREM DERM CT BG AL X 30 G;Regulado;Negativa
1023506520018;13,91;0.5 MG/G + 30 MG/G POM CT BG AL X 30 G;Regulado;Negativa
1023506550022;22,11;200 MG COM REV CT BL AL PLAS OPC X 20�;Regulado;Positiva
1023506580010;16,16;5 MG/ML XPE CT FR VD AMB X 120 ML + COP;Regulado;Positiva
1023506580029;22,81;10 MG/ML XPE CT FR VD AMB X 120 ML + COP;Regulado;Positiva
1023506580037;16,16;5 MG/ML XPE CT FR PLAS AMB X 120 ML + COP;Regulado;Positiva
1023506580045;22,81;10 MG/ML XPE CT FR PLAS AMB X 120 ML + COP;Regulado;Positiva
1023506590032;12,62;850 MG COM REV CT BL AL PLAS TRANS  X 30�;Regulado;Positiva
1023506590059;18,21;1 G COM REV CT BL AL PLAS TRANS X 30�;Regulado;Positiva
1023506590083;21,79;850 MG COM REV CT BL AL PLAS TRANS X 60;Regulado;Positiva
1023506590105;8,21;500 MG COM REV CT BL AL PLAS OPC X 30�;Regulado;Positiva
1023506590113;16,4;500 MG COM REV CT BL AL PLAS OPC X 60;Regulado;Positiva
1023506600119;63,53;600 MG COM REV CT BL AL PLAS OPC X 24���;Regulado;Positiva
1023506600216;47,85;900 MG COM REV CT BL AL PLAS OPC X 12�;Regulado;Positiva
1023506610017;8,44;5 MG COM CT BL AL PLAS TRANS X 30�;Regulado;Positiva
1023506620020;6,65;400 MG COM MAST CT BL AL PLAS OPC X 1;Regulado;Positiva
1023506620071;6,65;200 MG COM MAST CT BL AL PLAS OPC X 2�;Regulado;Positiva
1023506630034;12,2;0,25 MG COM CT BL AL PLAS TRANS X 30�;Regulado;Positiva
1023506630093;8,47;0,5 MG COM CT BL AL PLAS TRANS  X 30;Regulado;Positiva
1023506630131;29,15;1 MG COM CT BL AL PLAS TRANS X 20�;Regulado;Positiva
1023506630158;16,59;1 MG COM CT BL AL PLAS TRANS X 30;Regulado;Positiva
1023506630204;53,19;2 MG COM CT BL AL PLAS TRANS X 30;Regulado;Positiva
1023506650027;42,81;875 MG COM REV CT BL AL AL X 14;Regulado;Positiva
1023506670011;15;10 MG/ML SOL TOP SPR CT FR VD AMB X 20 ML;Regulado;Positiva
1023506680015;34,21;0,2 MG/ML XPE CT FR VD AMB X 120 ML + COP;Regulado;Positiva
1023506690010;30,9;10 MG/G CREM VAG CT BG AL X 40 G + 7 APLIC;Regulado;Negativa
1023506700016;9,21;30 MG/ML PO SUS CT FR VD AMB X 15 ML + COP;Regulado;Negativa
1023506700024;12,55;30 MG/ML PO SUS CT FR VD AMB X 30 ML + COP;Regulado;Negativa
1023506720017;20,68;0,5 MG/G CREM CT BG AL X 30 G;Regulado;Negativa
1023506730063;20,88;25 MG COM REV CT BL AL PLAS PVDC OPC X 20;Regulado;Positiva
1023506740018;38,04;250 MG COM REV CT BL AL PLAS TRANS X 20��;Regulado;Positiva
1023506740026;57,11;250 MG COM REV CT BL AL PLAS TRANS X 30;Regulado;Positiva
1023506750102;12,65;5 MG + 50 MG COM CT BL AL PLAS LEITOSO X 30;Regulado;Positiva
1023506750285;7,57;2,5 MG + 25 MG COM CT BL AL PLAS OPC X 30;Regulado;Positiva
1023506760019;15,21;10 MG/G CREM CT BG AL X 20 G;Regulado;Negativa
1023506820038;10,49;15 MG/ML SUS OR CT FR PLAS OPC GOT X 20 ML�;Regulado;Positiva
1023506840020;15,18;"0,4 MG/ML + 4 MG/ML + 20 MG/ML SOL OR CT FR VD AMB X 120 ML��&nbsp;01";Regulado;Negativa
1023506840047;15,18;0,4 MG/ML + 4 MG/ML + 20 MG/ML SOL OR CT FR VD AMB X 120 ML�+ COP;Regulado;Negativa
1023506880030;52,92;20 MG + 12,5 MG COM CT BL AL PLAS OPC X 30;Regulado;Positiva
1023506880091;52,92;20 MG + 12,5 MG COM CT BL AL AL X 30;Regulado;Positiva
1023506910010;38,78;15 MG CAP GEL DURA MICROG LIB RET CT BL AL PLAS INC X 14��;Regulado;Positiva
1023506910037;40,28;30 MG CAP GEL DURA C/ MICROG LIB RET CT BL AL PLAS INC X 7�;Regulado;Positiva
1023506910045;75,85;30 MG CAP GEL DURA C/ MICROG LIB RET CT BL AL PLAS INC X 14;Regulado;Positiva
1023506910053;144,31;30 MG CAP GEL DURA C/ MICROG LIB RET CT BL AL PLAS INC X 28;Regulado;Positiva
1023506950071;12,44;140 MG CAP DURA CT BL AL PLAS OPC X 10��;Regulado;Positiva
1023506950081;19,04;140 MG CAP DURA CT BL AL PLAS OPC X 14;Regulado;Positiva
1023506950098;25,9;140 MG CAP DURA CT BL AL PLAS OPC X 20;Regulado;Positiva
1023506970072;7,18;2 MG COM CT BL AL PLAS OPC X 20;Liberado;Negativa
1023507000190;59,89;50 MG COM REV CT BL AL PLAS PVC OPC X 20;Regulado;Positiva
1023507000204;79,49;50 MG COM REV CT BL AL PLAS PVC OPC X 28;Regulado;Positiva
1023507000212;52,54;50 MG COM REV CT BL AL PLAS PVC  OPC X 30;Regulado;Positiva
1023507000425;79,49;100 MG COM REV CT BL AL PLAS PVC OPC  X 14;Regulado;Positiva
1023507000451;112,7;100 MG COM REV CT BL AL PLAS PVC OPC X 30;Regulado;Positiva
1023507020434;8,75;4 MG COM CT BL AL PLAS OPC X 10���;Regulado;Positiva
1023507020442;17,51;4 MG COM CT BL AL PLAS OPC X 20;Regulado;Positiva
1023507020450;26,26;4 MG COM CT BL AL PLAS OPC X 30;Regulado;Positiva
1023507020469;35,01;4 MG COM CT BL AL PLAS OPC X 40;Regulado;Positiva
1023507110042;17,15;0,5 MG/G CREM CT BG AL X 30 G;Regulado;Negativa
1023507120013;31,22;10 MG/G CREM VAG CT BG AL X 35 G + 6 APLIC�;Regulado;Negativa
1023507130027;15,98;0,5 MG/G + 1 MG/G CREM CT BG AL X 30 G�;Regulado;Negativa
1023507150011;20,98;0,75 MG COM CT BL AL PLAS INC X 2;Regulado;Positiva
1023507150028;20,12;0,75 MG COM CT BL AL PLAS OPC X 2;Regulado;Positiva
1023507160104;23,46;(400 + 400 + 30)MG/5ML SUS OR CT FR PLAS OPC X 240 ML (TRADICIONAL)�;Liberado;Negativa
1023507180040;8,61;0,5 MG/ML SOL NASAL CT FR PLAS OPC GOT X 30 ML�;Regulado;Negativa
1023507180075;8,61;0,5 MG/ML SOL NAS CT FR GOT PLAS TRANSL X 30 ML;Regulado;Negativa
1023507210128;80,78;100 MG + 25 MG COM REV CT BL AL PLAS OPC X 30;Regulado;Positiva
1023507210330;51,13;50 MG + 12,5 MG COM REV CT BL AL PLAS OPC X 30;Regulado;Positiva
1023507250073;34,3;6 MG COM CT BL AL PLAS OPC X 20;Regulado;Positiva
1023507250219;81,94;30 MG COM CT BL AL PLAS OPC X 10���;Regulado;Positiva
1023507270023;17,37;0,5 MG/G CREM DERM CT BG AL X 30 G;Regulado;Positiva
1023507290024;17,81;0,5 MG/G POM DERM CT BG AL X 30G�;Regulado;Positiva
1023507310017;23,5;50 MG CAP DURA CT BL AL PLAS PVDC OPC X 10;Regulado;Positiva
1023507320020;9,52;50 MG/ML SOL OR CT FR VD AMB X 20 ML��;Liberado;Negativa
1023507330034;6,45;35 MG/ML + 300 MG/ML + 50 MG/ML SOL OR CT FR PLAS OPC GOT X 20 ML��;Regulado;Negativa
1023507350019;9,18;1 MG/G PAST CT BG AL X 10 G�;Regulado;Positiva
1023507360022;12,42;2 MG + 0,25 MG COM CT BL AL PLAS  TRANS X 20�;Regulado;Negativa
1023507360073;12,42;2 MG + 0,25 MG COM CT BL AL PLAS LEIT  X 20�;Regulado;Negativa
1023507400121;14,14;30 MG COM CT BL AL PLAS OPC X 50;Regulado;Positiva
1023507400156;13,23;60 MG COM CT BL AL PLAS OPC X 25;Regulado;Positiva
1023507400172;25,93;60 MG COM CT BL AL PLAS OPC X 50�;Regulado;Positiva
1023507460019;19,16;20 MG/G CREM VAG CT BG AL X 80 G + 14 APLIC;Regulado;Positiva
1023507470014;18,79;20 MG/G + 0,64 MG/G CREM DERM CT BG AL X 30 G;Regulado;Negativa
1023507470022;18,79;20 MG/G + 0,64 MG/G POM DERM CT BG AL X 30 G;Regulado;Negativa
1023507490023;41,83;1 MG/G GEL CT BG AL X 30 G;Regulado;Negativa
1023507520021;9,85;2,5 MG/ML SOL OR CT FR VD AMB CGT�X 20 ML;Regulado;Positiva
1023507530092;85,53;25 MG COM REV CT BL AL PLAS OPC X 60�;Regulado;Positiva
1023507530246;170,05;50 MG COM REV CT BL AL PLAS OPC X 60;Regulado;Positiva
1023507530394;337,92;100 MG COM REV CT BL AL PLAS OPC X 60;Regulado;Positiva
1023507540098;63,43;2 MG COM CT BL AL PLAS OPC X 30;Regulado;Positiva
1023507550026;21,5;0,5 MG/G SOL CAP CT FR PLAS OPC GOT X 50 G;Regulado;Positiva
1023507570159;28,3;500 MG COM REV CT BL AL PLAS OPC X 3�;Regulado;Positiva
1023507570167;66,13;500 MG COM REV CT BL AL PLAS OPC X 7;Regulado;Positiva
1023507570175;94,46;500 MG COM REV CT BL AL PLAS OPC X 10;Regulado;Positiva
1023507580030;83,02;300 MG CAP DURA CT BL AL PLAS OPC X 30;Regulado;Positiva
1023507580219;101,31;400 MG CAP DURA CT BL AL PLAS OPC X 30;Regulado;Positiva
1023507640076;51,54;100 MG/G PO P/ PRE EXT CT 50 SACH AL PE X 5 G;Liberado;Negativa
1023507680086;92,45;800 MG COM REV CT BL AL PLAS OPC X 30;Regulado;Positiva
1023507700028;11,29;200 MG COM REV CT BL AL PLAS OPC X 20;Liberado;Negativa
1023507740186;8,08;5 MG/ML SOL OFT CT FR GOT PLAS TRANS X 5 ML;Regulado;Positiva
1023507780013;28,33;3 G SUS RET CT ENV AL PLAS  X 3 G + DIL FR PLAS TRANS X 100 ML;Regulado;Positiva
1023507790019;17,59;3 MG/ML SOL OFT CT FR PLAS TRANS GOT X 5 ML�;Regulado;Positiva
1023507810011;11,72;3,5 MG/ML SOL OFT CT FR GOT PLAS TRANSL X 5 ML;Regulado;Positiva
1023507820023;6,2;0,25 MG/ML SOL NAS CT FR GOT PLAS OPC X 20 ML;Regulado;Negativa
1023507820090;8,9;0,5 MG/ML SOL NAS CT FR SPR PLAS OPC X 30 ML;Regulado;Negativa
1023507830010;8,97;150 MG/ML + 10 MG/ML SOL INJ IM CT AMP VD AMB X 1 ML�;Regulado;Positiva
1023507850062;12,62;10 MG/G GEL CT BG AL X 60 G�;Liberado;Negativa
1023507900027;29,32;1 MG/G CREM CT BG AL X 20 G�;Regulado;Positiva
1023507910022;29,32;1 MG/G POM DERM CT BG AL X 20 G�;Regulado;Positiva
1023507920151;5,15;25 MG COM CT BL AL PLAS OPC X 30;Regulado;Positiva
1023507920321;5,3;50 MG COM CT BL AL PLAS OPC X 20;Regulado;Positiva
1023507930066;12,75;100 MG/ML SUS OR CT FR PLAS TRANS X 15 ML + SER DOSAD�;Liberado;Negativa
1023507940101;9,45;32 MG/ML SUS OR CT FR PLAS TRANS X 60 ML + �COP;Liberado;Negativa
1023507960021;18,84;1 MG/ML XPE CT FR VD AMB X 120 ML + CP MED;Regulado;Negativa
1023508000011;9,3;50 MG/ML SOL OR CT FR VD AMB X 100 ML + COP;Liberado;Negativa
1023508010016;36,89;30 MG/G + 20 MG/G CREM VAG CT BG AL X 35G + 7 APLIC;Regulado;Negativa
1023508040307;85,34;500 MG COM REV CT BL AL PLAS OPC X 200 (EMB HOSP);Liberado;Negativa
1023508050108;53,66;300 MG CAP GEL DURA CT BL AL PLAS OPC X 16;Regulado;Positiva
1023508080031;16,27;10 MG/G POM CT BG AL X 30 G�;Regulado;Negativa
1023508100180;51,76;100  MG COM REV CT BL AL PLAS OPC X 30;Regulado;Positiva
1023508100547;35,04;50 MG COM REV CT BL AL PLAS OPC X 30;Regulado;Positiva
1023508150031;29,66;15 MG/ML XPE CT FR VD AMB X 120 ML + COP;Regulado;Positiva
1023508180141;25,4;10 MG CAP DURA CT BL AL PLAS PVC TRANS X 28;Regulado;Positiva
1023508190023;66,98;80 MG/ML + 11,4 MG/ML P� SUS OR CT FR PLAS OPC X 70 ML + SER DOS + COP;Regulado;Positiva
1023508200029;12,24;500 MG COM REV CT BL AL PLAS OPC X 8;Regulado;Negativa
1023508220038;7,92;0,8 MG/ML XPE CT FR VD AMB X 120 ML + COP;Liberado;Negativa
1023508230033;7,86;0,4 MG/ML + 20 MG/ML SOL OR CT FR VD AMB X 120 ML + COP;Regulado;Negativa
1023508240012;90,01;1 MG/ML SOL OR CT FR VD AMB X 30 ML + SER PLAS DOSAD�;Regulado;Positiva
1023508410031;15,44;15 MG/G CREM DERM CT BG AL X 30 G;Liberado;Negativa
1023508440021;11,1;20 MG/G GEL DERM CT BG AL X 30 G;Liberado;Negativa
1023508450165;94,49;875 MG + 125 MG COM REV CT BL AL/ AL X 12;Regulado;Positiva
1023508450173;113,83;875 MG + 125 MG COM REV CT BL AL/ AL X 14;Regulado;Positiva
1023508450181;157,47;875 MG + 125 MG COM REV CT BL AL/ AL X 20;Regulado;Positiva
1023508470034;7,84;10 MG/G CREM DERM CT BG AL X 30 G;Liberado;Negativa
1023508480013;7,29;1 MG/G CREM DERM CT BG AL X 10 G��;Regulado;Positiva
1023508560041;15,72;500 MG COM CT BL AL PLAS OPC X 24;Regulado;Positiva
1023508600035;30,17;60 MG + 120 MG COM REV CT BL AL PLAS OPC X 10;Regulado;Negativa
1023508640029;82,54;20 MG COM REV CT BL AL PLAS PVDC OPC X 28;Regulado;Positiva
1023508640037;109,6;20 MG COM REV CT BL AL PLAS PVDC OPC X 30;Regulado;Positiva
1023508650059;549,69;500 MG COM REV CT BL AL PLAS PVDC OPC X 50;Regulado;Positiva
1023508740066;7,46;500 MG + 30 MG COM REV CT BL AL PLAS OPC X 24;Regulado;Negativa
1023508840036;48,33;15 MG CAP DURA CT BL AL PLAS OPC X 30;Regulado;Negativa
1023508840087;40,61;10 MG CAP DURA CT BL AL PLAS OPC X 30;Regulado;Negativa
1023508850023;38,98;75 MG COM REV CT BL AL PLAS OPC X 30;Regulado;Positiva
1023508850041;12,23;25 MG COM REV CT BL AL PLAS OPC X 30�;Regulado;Positiva
1023508910034;60,51;40 MG/G CREM DERM CT BG AL X 30 G;Regulado;Positiva
1023508920056;44,56;1,25 MG COM REV CT BL AL PLAS OPC X 30;Regulado;Positiva
1023508920129;51,26;2,5 MG COM REV CT BL AL PLAS OPC X 30;Regulado;Positiva
1023508920196;62,36;5 MG COM REV CT BL AL PLAS OPC X 30;Regulado;Positiva
1023508920269;71,08;10 MG COM REV CT BL AL PLAS OPC X 30;Regulado;Positiva
1023508930035;7,8;0,8 MG/ML XPE CT FR VD AMB X 120 ML + COP;Liberado;Negativa
1023508930061;10,54;1,6 MG/ML XPE CT FR VD AMB X 120 ML + COP;Liberado;Negativa
1023509020016;10,21;50 MG/G POM DERM CT BG AL X 25 G�;Regulado;Positiva
1023509020024;9,76;50 MG/G POM DERM CT BG AL X 25 G (SBR LAR);Regulado;Positiva
1023509060042;58,96;500MG + 200 UI COM REV CT FR PLAS OPC X 75;Liberado;Negativa
1023509070013;12,47;1 G + 10 MG COM EFEV CT TB PLAS X 10;Liberado;Negativa
1023509070031;29,96;1 G + 10 MG COM EFEV CT TB PLAS X 30;Liberado;Negativa
1023509170026;26,09;667 MG/ML XPE CT FR VD AMB X 120 ML + COP (SBR AMEIXA);Liberado;Negativa
1023509170085;23,2;667 MG/ML XPE CT FR VD AMB X 120 ML + COP (SBR FRUTAS);Liberado;Negativa
1023509170131;25,32;667 MG/ML XPE CT FR VD AMB X 120 ML + COP (SBR MORANGO);Regulado;Negativa
1023509170141;25,32;667 MG/ML XPE CT FR VD AMB X 120 ML + COP (SBR PAPAYA);Regulado;Negativa
1023509170158;25,32;667 MG/ML XPE CT FR PLAS PET AMB X 120 ML + COP (SBR AMEIXA);Regulado;Negativa
1023509200103;27,02;100 MG COM REV CT BL AL AL X 12;Regulado;Positiva
1023509210011;10,7;0,25 MG/ML SOL P/ INAL CT FR VD AMB GOT X 20 ML;Regulado;Positiva
1023509280069;16,02;10 MG/ML SOL TOP CT FR GOT PLAS TRANS X 15 ML;Regulado;Negativa
1023509290013;18,25;100MG COM REV LIB PROL CT BL AL PLAS TRANS X 10��;Regulado;Positiva
1023509290021;35,99;100MG COM REV LIB PROL CT BL AL PLAS TRANS X 20;Regulado;Positiva
1023509300035;76,55;40 MG/G + 0,5 MG/G +0,1 MG/G  CREM DERM CT BG AL X 15 G�;Regulado;Negativa
1023509300051;100,06;40 MG/G + 0,5 MG/G +0,1 MG/G CREM DERM CT BG AL X 30 G;Regulado;Negativa
1023509330031;53,46;40 MG/G + 0,5 MG/G + 0,1 MG/G CREM CT BG AL X 15 G;Regulado;Negativa
1023509410019;30,96;8 MG/G CREM VAG CT BG AL X 30 G + 5 APLIC;Regulado;Negativa
1023509420022;67,33;200MG CAP  DURA CT BL AL PLAS OPC X 30;Regulado;Positiva
1023509440031;61,88;20 MG/ML + 5 MG/ML SOL OFT CT FR GOT PLAS OPC X 5 ML�;Regulado;Positiva
1023509470021;16,95;10 MG/ML SOL TOP CT FR GOT PLAS TRANS X 15 ML;Regulado;Negativa
1023509490039;42,63;20 MG/ML SOL OFT CT FR PLAS OPC GOT X 5 ML�;Regulado;Positiva
1023509510021;69,27;0,3 MG/ML SOL OFT CT FR PLAS OPC GOT X  3 ML;Regulado;Positiva
1023509510031;103,93;0,3 MG/ML SOL OFT CT FR PLAS OPC GOT X 5 ML;Regulado;Positiva
1023509510056;55,97;0,1 MG/ML SOL OFT CT FR GOT PLAS PEBD OPC X 3 ML;Regulado;Positiva
1023509510064;93,28;0,1 MG/ML SOL OFT CT FR GOT PLAS PEBD OPC X 5 ML;Regulado;Positiva
1023509530014;18,11;3 MG/ML SOL OFT CT FR PLAS OPC GOT X 5 ML�;Regulado;Positiva
1023509610077;13,44;400 MG CAP MOLE CT BL AL PLAS PVC/PVDC TRANS X 8;Liberado;Negativa
1023509610093;23,62;400 MG CAP MOLE CT BL AL PLAS PVC/PVDC TRANS X 20;Liberado;Negativa
1023509610107;63,35;400 MG CAP MOLE CT BL AL PLAS PVC/PVDC TRANS X 40;Liberado;Negativa
1023509610141;10,29;400 MG COM REV CT BL AL PLAS OPC X 10�;Liberado;Negativa
1023509610204;13,72;50 MG/ML SUS GOT OR CT FR GOT PLAS OPC X 20 ML;Liberado;Negativa
1023509610212;13,05;50 MG/ML SUS GOT OR CT FR GOT PLAS OPC X 30 ML;Liberado;Negativa
1023509610255;12,74;100 MG/ML SUS GOT OR CT FR GOT PLAS OPC X 20 ML;Liberado;Negativa
1023509620031;30,4;5 MG COM REV CT BL AL PLAS OPC X 10;Liberado;Negativa
1023509620064;24,34;0,5 MG/ML XPE CT FR VD AMB X 60 ML + SER DOS;Liberado;Negativa
1023509620072;40,56;0,5 MG/ML XPE CT FR VD AMB X 100 ML + SER DOS;Liberado;Negativa
1023509620099;73,01;5 MG COM REV CT BL AL PLAS OPC X 30;Liberado;Negativa
1023509620161;24,34;0,5 MG/ML XPE CT FR PLAS AMB X 60 ML + SER DOS;Liberado;Negativa
1023509620171;36,86;0,5 MG/ML XPE CT FR PLAS AMB X 100 ML + SER DOS;Liberado;Negativa
1023509640138;95,45;20 MG COM REV CT BL AL PLAS OPC X 20;Regulado;Positiva
1023509640146;136,06;20 MG COM REV CT BL AL PLAS OPC X 30;Regulado;Positiva
1023509650044;119,91;600MG COM REV CT BL AL PLAS OPC X 27;Regulado;Positiva
1023509660015;43,66;8 MG/G CREM VAG CT BG AL X 30 G + 5 APLIC;Regulado;Negativa
1023509670037;55,66;4MG COM CT BL AL PLAS OPC X 30;Regulado;Positiva
1023509670045;89,06;4MG COM CT BL AL PLAS OPC X 60;Regulado;Positiva
1023509670126;20,83;1MG COM CT BL AL PLAS OPC X 30;Regulado;Positiva
1023509670207;39,74;2MG COM CT BL AL PLAS OPC X 30;Regulado;Positiva
1023509670215;79,51;2MG COM CT BL AL PLAS OPC X 60;Regulado;Positiva
1023509750022;95,64;0,05 MG/ML + 5 MG/ML SOL OFT CT FR GOT PLAS TRANS X 2,5 ML;Regulado;Positiva
1023509760036;115,06;35 MG COM REV CT BL AL PLAS OPC X 4;Regulado;Positiva
1023509830069;171,16;1,5 G P� SOL OR CT 30 ENV AL/PLAS X 3,95 G�;Regulado;Positiva
1023509850035;422,26;800 MG COM REV CT FR PLAS OPC X 120;Regulado;Positiva
1023509880041;17,04;10 MG CAP DURA CT BL AL PLAS OPC X 20;Regulado;Negativa
1023509890053;17,97;50 MG COM REV CT BL AL PLAS OPC X 1;Regulado;Negativa
1023509890061;35,91;50 MG COM REV CT BL AL PLAS OPC X 2;Regulado;Negativa
1023509890071;71,82;50 MG COM REV CT BL AL PLAS OPC X 4;Regulado;Negativa
1023509890088;143,63;50 MG COM REV CT BL AL PLAS OPC X 8;Regulado;Negativa
1023509890096;215,51;50 MG COM REV CT BL AL PLAS OPC X 12;Regulado;Negativa
1023509890126;112,45;100 MG COM REV CT BL AL PLAS OPC X 4;Regulado;Negativa
1023509900016;27,08;250 MG COM CT BL AL PLAS OPC X 12;Regulado;Negativa
1023509910038;29,24;0,02 G/G CREM VAG CT BG AL X 40 G + 7 APL�;Regulado;Negativa
1023509940026;25,34;3,5 G PO EFEV CT 10 ENV AL X 5 G;Liberado;Negativa
1023509940042;66,26;3,5 G PO EFEV CT 30 ENV AL X 5 G�;Liberado;Negativa
1023509980036;19,97;25 MG COM CT FR PLAS OPC X 30;Regulado;Negativa
1023509990031;11,53;10 MG COM CT BL AL PLAS OPC X 30;Regulado;Negativa
1023509990058;21,86;10 MG COM CT BL AL PLAS OPC X 60;Regulado;Negativa
1023510010010;29,15;20 MG COM REV CT BL AL PLAS TRANS X 10��;Regulado;Positiva
1023510040025;64,08;0,04 MG/ML SOL OFT CT FR GOT PLAS OPC X 2,5 ML;Regulado;Positiva
1023510060034;191,3;2,5 MG COM REV CT BL AL AL X 28;Regulado;Positiva
1023510060093;282,63;5 MG COM REV CT BL AL AL X 28;Regulado;Positiva
1023510060141;565,3;10 MG COM REV CT BL AL AL X 28;Regulado;Positiva
1023510060239;204,95;2,5 MG COM REV CT BL AL AL X 30;Regulado;Positiva
1023510060247;302,79;5 MG COM REV CT BL AL AL X 30;Regulado;Positiva
1023510060255;605,61;10 MG COM REV CT BL AL AL X 30;Regulado;Positiva
1023510090030;67,33;200 MG CAP DURA CT BL AL PLAS OPC X 30;Regulado;Positiva
1023510100028;9,58;2,5 MG COM REV CT BL AL PLAS OPC X 4;Regulado;Positiva
1023510100044;23,94;2,5 MG COM REV CT BL AL PLAS OPC X 10;Regulado;Positiva
1023510120096;81,45;40MG COM REV CT BL AL AL X 30;Regulado;Positiva
1023510120215;81,45;80MG COM REV CT BL AL AL X 30;Regulado;Positiva
1023510120266;81,45;160MG COM REV CT BL AL AL X 30;Regulado;Positiva
1023510120339;81,45;320 MG COM REV CT BL AL AL X 30;Regulado;Positiva
1023510140070;106,06;200 MG COM REV CT BL AL PLAS OPC X 30;Regulado;Positiva
1023510160012;12,27;50 MG/G POM DERM CT BG AL X 30 G;Liberado;Negativa
1023510170026;32,79;25 MG COM REV CT BL AL PLAS OPC X 14;Regulado;Negativa
1023510170042;68,74;25 MG COM REV CT BL AL PLAS OPC X 30;Regulado;Negativa
1023510170182;233,89;100 MG COM REV CT BL AL PLAS OPC X 30;Regulado;Negativa
1023510170271;420,75;200 MG COM REV CT BL AL PLAS OPC X 30;Regulado;Negativa
1023510190027;42,43;15 MG COM CT FR PLAS OPC X 15;Regulado;Positiva
1023510190108;44,89;30 MG COM CT FR PLAS OPC X 15;Regulado;Positiva
1023510190175;87,63;45 MG COM CT FR PLAS OPC X 15;Regulado;Positiva
1023510230029;15,86;3 MG/ML SOL OR CT FR PLAS AMB X 60 ML + SER DOS;Regulado;Positiva
1023510230037;31,7;3 MG/ML SOL OR CT FR PLAS AMB X 120 ML + SER DOS;Regulado;Positiva
1023510240032;100,48;10 MG COM REV CT BL AL AL X 30;Regulado;Positiva
1023510240091;175,97;20 MG COM REV CT BL AL AL X 30;Regulado;Positiva
1023510240148;43,2;5 MG COM REV CT BL AL AL X 30;Regulado;Positiva
1023510240156;86,44;5 MG COM REV CT BL AL AL X 60;Regulado;Positiva
1023510240199;191,43;40 MG COM REV CT BL AL AL X 30;Regulado;Positiva
1023510270063;52,78;2 MG COM CT BL AL AL X 30;Regulado;Positiva
1023510300116;1025,11;1 MG CAP DURA CT BL AL PLAS PVDC OPC X 100 ENV AL;Regulado;Positiva
1023510300124;2562,86;5 MG CAP DURA CT BL AL PLAS PVDC OPC X 50 ENV AL;Regulado;Positiva
1023510320011;23,58;11,6 MG/G SOL AER DERM FILME PLAS CIL AL X 85 ML;Liberado;Negativa
1023510370017;1289,25;50 MG COM REV CT BL AL PLAS OPC X 60;Regulado;Positiva
1023510390042;84,2;150 MG COM REV LIB PROL CT BL AL AL X 30;Regulado;Positiva
1023510390050;168,41;150 MG COM REV LIB PROL CT BL AL AL X 60;Regulado;Positiva
1023510420030;164,62;120 MG CAP DURA CT BL AL PLAS OPC X 42;Regulado;Negativa
1023510420057;314,32;120 MG CAP DURA CT BL AL PLAS OPC X 84;Regulado;Negativa
1023510430060;12,24;20 MG COM CT BL AL AL X 10;Regulado;Positiva
1023510450010;117,91;3 MG + 0,03 MG COM REV CT BL AL PLAS PVDC OPC X 63;Regulado;Positiva
1023510450029;39,31;3 MG + 0,03 MG COM REV CT BL AL PLAS PVDC OPC X 21�;Regulado;Positiva
1023510470046;21,44;1,5 MG COM REV LIB PROL CT BL AL AL X 30;Regulado;Positiva
1023510480076;10,35;40 MG/ML + 8 MG/ML SUS OR CT FR PLAS AMB X 100 ML + COP;Regulado;Positiva
1023510500018;15,25;30MG/ML SOL NAS CT FR PLAS AMB SPR X 60 ML;Liberado;Negativa
1023510530049;27,02;100 MG  COM  REV CT BL AL AL X 12;Regulado;Positiva
1023510540028;95,2;400 MG COM REV CT BL AL PLAS OPC X 5;Regulado;Positiva
1023510540109;95,2;400 MG COM REV CT AL AL X 5;Regulado;Positiva
1023510540117;120,44;400 MG COM REV CT AL AL X 7;Regulado;Positiva
1023510550023;80,01;80 MG + 12,5 MG COM REV CT BL AL AL X 30;Regulado;Positiva
1023510550066;92,06;320 MG + 25 MG COM REV CT BL AL AL X 30;Regulado;Positiva
1023510550104;92,06;160 MG + 25 MG COM REV CT BL AL AL X 30;Regulado;Positiva
1023510550147;80,01;160 MG + 12,5 MG COM REV CT BL AL AL X 30;Regulado;Positiva
1023510550181;80,01;320 MG + 12,5 MG COM REV CT BL AL AL X 30;Regulado;Positiva
1023510590025;10,04;(0,625 ML + 400 MG + 0,30 ML + 0,013 ML) 15 ML SOL OR CT FR VD AMB X 150 ML + COP;Liberado;Negativa
1023510630043;142,55;10 MG COM REV CT BL AL PLAS OPC X 30;Regulado;Positiva
1023510630051;285,16;10 MG COM REV CT BL AL PLAS OPC X 60;Regulado;Positiva
1023510630116;270,79;20 MG COM REV CT BL AL PLAS OPC X 30;Regulado;Positiva
1023510630221;171,06;15 MG COM REV CT BL AL PLAS OPC X 30;Regulado;Positiva
1023510650028;20,34;10 MG COM REV CT BL AL PLAS OPC X 10;Regulado;Positiva
1023510650036;37,21;10 MG COM REV CT BL AL PLAS OPC X 20;Regulado;Positiva
1023510650044;58,42;10 MG COM REV CT BL AL PLAS OPC X 30;Regulado;Positiva
1023510670010;10,74;0,250 G/G +0,250 G/G POM DERM CT BG AL X 20 G;Liberado;Negativa
1023510670037;10,39;0,100 G/G +0,150 G/G GEL CT BG AL X 20 G;Liberado;Negativa
1023510670053;22,31;10 MG/G + 50 MG/G SOL AER TOP FILME PLAS TB AL X 60 G;Liberado;Negativa
1023510670071;31,29;0,250 G/G +0,250 G/G POM DERM CT BG AL X 60 G;Liberado;Negativa
1023510670096;30,21;0,100 G/G +0,150 G/G GEL CT BG AL X 60 G;Liberado;Negativa
1023510670101;36,12;10 MG/G + 50 MG/G SOL AER TOP FILME PLAS TB AL X 120 G;Liberado;Negativa
1023510700033;60,8;100 MG COM REV CT BL AL PLAS OPC X 30;Regulado;Negativa
1023510700051;121,62;100 MG COM REV CT BL AL PLAS OPC X 60;Regulado;Negativa
1023510730021;29,04;3,125 MG COM CT BL AL AL X 15;Regulado;Positiva
1023510730048;58,07;3,125 MG COM CT BL AL AL X 30;Regulado;Positiva
1023510730099;32,61;6,25 MG COM CT BL AL AL X 15;Regulado;Positiva
1023510730110;65,23;6,25 MG COM CT BL AL AL X 30;Regulado;Positiva
1023510730161;36,31;12,5 MG COM CT BL AL AL X 15;Regulado;Positiva
1023510730188;72,63;12,5 MG COM CT BL AL AL X 30;Regulado;Positiva
1023510730234;40,71;25 MG COM CT BL AL AL X 15;Regulado;Positiva
1023510730250;81,43;25 MG COM CT BL AL AL X 30;Regulado;Positiva
1023510730269;162,86;25 MG COM CT BL AL AL X 60;Regulado;Positiva
1023510740051;80,52;40 MG COM CT BL AL AL X 30;Regulado;Positiva
1023510740124;89,83;80 MG COM CT BL AL AL X 30;Regulado;Positiva
1023510750022;45,39;2,5 MG COM CT BL AL PLAS OPC X 30;Regulado;Positiva
1023510800011;5004,32;100 MG COM REV CT BL AL PLAS OPC X 60;Regulado;Positiva
1023510800038;10008,64;400 MG COM REV CT BL AL PLAS OPC X 30;Regulado;Positiva
1023510810033;83,07;20 MG COM REV  LIB RETARD CT BL AL AL X 28;Regulado;Positiva
1023510810076;173,65;40 MG COM REV LIB RETARD CT BL AL AL X 28;Regulado;Positiva
1023510810092;44,5;20 MG COM REV LIB RETARD CT BL AL AL X 15;Regulado;Positiva
1023510810106;89;20 MG COM REV LIB RETARD CT BL AL AL X 30;Regulado;Positiva
1023510810114;178;20 MG COM REV LIB RETARD CT BL AL AL X 60;Regulado;Positiva
1023510810149;93,03;40 MG COM REV LIB RETARD CT BL AL AL X 15;Regulado;Positiva
1023510810157;186,06;40 MG COM REV LIB RETARD CT BL AL AL X 30;Regulado;Positiva
1023510810165;372,11;40 MG COM REV LIB RETARD CT BL AL AL X 60;Regulado;Positiva
1023510820012;9,8;0,05G/G + 0,05G/G POM DERM CT PT 28 G;Liberado;Negativa
1023510830093;54;0,25 MG COM CT BL AL AL X 30���;Regulado;Positiva
1023510830174;162,7;1 MG COM CT BL AL AL X 30���;Regulado;Positiva
1023510870060;124,57;100 MG COM REV CT BL AL AL X 3�;Regulado;Positiva
1023510870109;249,21;20 MG COM REV CT FR PLAS OPC X 30;Regulado;Positiva
1023510870117;249,21;20 MG COM REV CT BL AL AL X 30;Regulado;Positiva
1023510870125;498,43;20 MG COM REV CT BL AL AL X 60;Regulado;Positiva
1023510880023;58,94;30 MG CAP DURA LIB RETARD CT BL AL AL X 15;Regulado;Positiva
1023510880031;117,91;30 MG CAP DURA LIB RETARD CT BL AL AL X 30�;Regulado;Positiva
1023510880082;235,81;60 MG CAP DURA LIB RETARD CT BL AL AL X 30;Regulado;Positiva
1023510890029;75,84;8 MG COM CT BL AL PLAS OPC X 30;Regulado;Positiva
1023510890071;82;16 MG COM CT BL AL PLAS OPC X 30;Regulado;Positiva
1023510950031;229,07;40 MG CAP DURA CT BL AL AL X 30;Regulado;Positiva
1023510950080;381,26;80 MG CAP DURA CT BL AL AL X 30;Regulado;Positiva
1023510960027;175,79;500 MG CAP DURA CT BL AL PLAS TRANS X 28 + 500 MG COM REV CT BL AL PLAS OPC X 14 + 20 MG COM REV CT BL AL AL X 42�;Regulado;Negativa
1023510960035;263,68;500 MG CAP DURA CT BL AL PLAS TRANS X 56 + 500 MG COM REV CT BL AL PLAS OPC X 28 + 20 MG COM REV CT BL AL AL X 42;Regulado;Negativa
1023510960051;175,79;500 MG CAP DURA + 500 MG COM REV + 20 MG COM REV LIB RETARD CT BL AL AL X 28 +14 + 42;Regulado;Negativa
1023510960061;146,49;500 MG CAP DURA + 500 MG COM REV + 20 MG COM REV LIB RETARD CT BL AL AL X 28 +14 + 28;Regulado;Negativa
1023510960078;263,68;500 MG CAP DURA + 500 MG COM REV + 20 MG COM REV LIB RETARD CT BL AL AL X 56 + 28 + 42;Regulado;Negativa
1023510970022;70,5;8 MG + 12,5 MG COM CT BL AL PLAS OPC X 30;Regulado;Positiva
1023510970073;73,43;16 MG + 12,5 MG  COM CT BL AL PLAS OPC X 30;Regulado;Positiva
1023511020011;13,29;2500 UI SOL INJ CX 2 SER PREENC X 0,2 ML;Regulado;Negativa
1023511020028;66,59;2500 UI SOL INJ CX 10 SER PREENC X 0,2 ML;Regulado;Negativa
1023511020036;25,46;3500 UI SOL INJ CX 2 SER PREENC X 0,2 ML;Regulado;Negativa
1023511020044;127,32;3500 UI SOL INJ CX 10 SER PREENC X 0,2 ML;Regulado;Negativa
1023511020052;32,37;5000 UI SOL INJ CX 2 SER PREENC X 0,2 ML;Regulado;Negativa
1023511020079;48,54;7500 UI SOL INJ CX 2 SER PREENC X 0,3 ML;Regulado;Negativa
1023511020095;70,57;10000 UI SOL INJ CX 2 SER PREENC X 0,4 ML;Regulado;Negativa
1023511030015;26,9;2 MG + 1 MG COM REV CT BL AL PLAS OPC X 28�;Regulado;Positiva
1023511040096;101,53;4 MG COM MAST CT BL AL AL X 30;Regulado;Positiva
1023511040101;21,65;5 MG COM MAST CT BL AL AL X 10;Regulado;Positiva
1023511040118;22,67;5 MG COM MAST CT BL AL AL X 14;Regulado;Positiva
1023511040126;65,03;5 MG COM MAST CT BL AL AL X 30;Regulado;Positiva
1023511070076;21,38;0,16 MG/ML + 0,16 MCL/ML + 0,16 MCL/ML XPE INF CT FR VD AMB X 150 ML + COP;Liberado;Negativa
1023511070092;22,12;0,16 MG/ML + 0,16 MCL/ML + 0,16 MCL/ML XPE ADU CT FR VD AMB X 150 ML + COP;Liberado;Negativa
1023511090018;39,31;3 MG + 0,02 MG COM REV CT BL AL PLAS OPC X 24;Regulado;Positiva
1023511090026;117,91;3 MG + 0,02 MG COM REV CT BL AL PLAS OPC X 72;Regulado;Positiva
1023511090042;49,12;3 MG + 0,02 MG COM REV CT BL AL PLAS OPC X 30;Regulado;Positiva
1023511090050;98,26;3 MG + 0,02 MG COM REV CT BL AL PLAS OPC X 60;Regulado;Positiva
1023511090069;147,38;3 MG + 0,02 MG COM REV CT BL AL PLAS OPC X 90;Regulado;Positiva
1023511100013;39,31;3 MG + 0,02 MG COM REV CT BL AL PLAS OPC X 24;Regulado;Positiva
1023511100021;117,88;3 MG + 0,02 MG COM REV CT BL AL PLAS OPC X 72;Regulado;Positiva
1023511100031;39,3;3 MG + 0,02 MG COM REV CT BL AL PLAS OPC X 24 + 4;Regulado;Positiva
1023511100048;49,12;3 MG + 0,02 MG COM REV CT BL AL PLAS OPC X 30;Regulado;Positiva
1023511100056;98,25;3 MG + 0,02 MG COM REV CT BL AL PLAS OPC X 60;Regulado;Positiva
1023511100064;147,37;3 MG + 0,02 MG COM REV CT BL AL PLAS OPC X 90;Regulado;Positiva
1023511120022;34,75;400 MG COM REV CT BL AL PLAS OPC X 14;Regulado;Positiva
1023511130036;18,88;50 MG COM REV LIB RETARD CT BL AL PLAS TRANS X 20;Regulado;Positiva
1023511140023;37,02;15 MG CAP GEL DURA MICROG LIB RETARD CT  BL AL PLAS OPC X 14;Regulado;Positiva
1023511140041;27,61;30 MG CAP GEL DURA MICROG LIB RETARD CT BL AL PLAS OPC X 7;Regulado;Positiva
1023511140058;48,29;30 MG CAP GEL DURA MICROG LIB RETARD CT  BL AL PLAS OPC X 14;Regulado;Positiva
1023511140066;91,81;30 MG CAP GEL DURA MICROG LIB RETARD CT  BL AL PLAS OPC X 28;Regulado;Positiva
1023511150037;15,75;10 MG COM CT BL AL PLAS PVDC OPC X 30;Regulado;Negativa
1023511150053;28,84;10 MG COM CT BL AL PLAS PVDC OPC X 60;Regulado;Negativa
1023511160024;30,69;400 MG COM REV CT BL AL PLAS OPC X 14;Regulado;Positiva
1023511170011;10,62;25 MG COM REV CT BL AL PLAS OPC X 1;Regulado;Negativa
1023511170021;21,24;25 MG COM REV CT BL AL PLAS OPC X 2�;Regulado;Negativa
1023511170038;42,46;25 MG COM REV CT BL AL PLAS OPC X 4;Regulado;Negativa
1023511170054;11,65;50 MG COM REV CT BL AL PLAS OPC X 1;Regulado;Negativa
1023511170062;23,37;50 MG COM REV CT BL AL PLAS OPC X 2;Regulado;Negativa
1023511170070;46,68;50 MG COM REV CT BL AL PLAS OPC X 4;Regulado;Negativa
1023511170089;93,35;50 MG COM REV CT BL AL PLAS OPC X 8;Regulado;Negativa
1023511170097;140,07;50 MG COM REV CT BL AL PLAS OPC X 12;Regulado;Negativa
1023511170100;18,28;100 MG COM REV CT BL AL PLAS OPC X 1;Regulado;Negativa
1023511170119;36,55;100 MG COM REV CT BL AL PLAS OPC X 2;Regulado;Negativa
1023511170127;73,06;100 MG COM REV CT BL AL PLAS OPC X 4;Regulado;Negativa
1023511190020;106,15;10 MG COM REV CT BL AL / AL X 30;Regulado;Positiva
1023511190047;212,31;10 MG COM REV CT BL AL / AL X 60;Regulado;Positiva
1023511190081;186;20 MG COM REV CT BL AL / AL X 30;Regulado;Positiva
1023511190101;371,98;20 MG COM REV CT BL AL / AL X 60;Regulado;Positiva
1023511190144;191,45;40 MG COM REV CT BL AL / AL X 30;Regulado;Positiva
1023511190160;382,87;40 MG COM REV CT BL AL / AL X 60;Regulado;Positiva
1023511190209;191,45;80 MG COM REV CT BL AL / AL X 30;Regulado;Positiva
1023511200093;156,55;20 MG CAP GEL MOLE CT BL AL/AL X 30;Regulado;Positiva
1023511210013;21,53;100 MG COM CT BL AL PLAS INC X 12;Regulado;Positiva
1023511220086;286,13;20 MG COM REV CT BL AL / AL X 30;Regulado;Positiva
1023511220140;294,49;40 MG COM REV CT BL AL / AL X 30;Regulado;Positiva
1023511240028;11,83;2 MG COM CT BL AL PLAS PVDC OPC X 30;Regulado;Positiva
1023511240044;23,73;2 MG COM CT BL AL PLAS PVDC OPC X 60;Regulado;Positiva
1023511250041;21,44;1,5 MG COM REV LIB PROL CT BL AL AL X 30;Regulado;Positiva
1023511260010;12,21;(125,0 + 5,0) MG COM REV CT BL AL PLAS OPC X 10;Regulado;Negativa
1023511260029;18,31;(125,0 + 5,0) MG COM REV CT BL AL PLAS OPC X 15;Regulado;Negativa
1023511260037;36,63;(125,0 + 5,0) MG COM REV CT BL AL PLAS OPC X 30;Regulado;Negativa
1023511260045;73,27;(125,0 + 5,0) MG COM REV CT BL AL PLAS OPC X 60;Regulado;Negativa
1023511260088;14,65;(125,0 + 5,0) MG COM REV CT BL AL PLAS OPC X 12;Regulado;Negativa
1023511280011;48,68;70 MG COM CT BL AL PLAS OPC X 2;Regulado;Positiva
1023511280021;106,6;70 MG COM CT BL AL PLAS OPC X 4;Regulado;Positiva
1023511290025;30,24;2 MG/ ML SOL OR CT FR PLAS AMB X 120 ML + COP�;Regulado;Negativa
1023511300012;19,65;2,5 MG + 50 MG CAP CT BL AL PLAS OPC X 10;Regulado;Positiva
1023511300020;39,29;2,5 MG + 50 MG CAP CT BL AL PLAS OPC X 20;Regulado;Positiva
1023511300039;58,94;2,5 MG + 50 MG CAP CT BL AL PLAS OPC X 30;Regulado;Positiva
1023511300047;117,88;2,5 MG + 50 MG CAP CT BL AL PLAS OPC X 60;Regulado;Positiva
1023511300081;20,46;5 MG + 50 MG CAP CT BL AL PLAS OPC X 10;Regulado;Positiva
1023511300098;40,92;5 MG + 50 MG CAP CT BL AL PLAS OPC X 20;Regulado;Positiva
1023511300101;61,38;5 MG + 50 MG CAP CT BL AL PLAS OPC X 30;Regulado;Positiva
1023511300111;122,74;5 MG + 50 MG CAP CT BL AL PLAS OPC X 60;Regulado;Positiva
1023511300152;23,1;5 MG + 100 MG CAP CT BL AL PLAS OPC X 10;Regulado;Positiva
1023511300160;46,21;5 MG + 100 MG CAP CT BL AL PLAS OPC X 20;Regulado;Positiva
1023511300179;69,36;5 MG + 100 MG CAP CT BL AL PLAS OPC X 30;Regulado;Positiva
1023511300187;138,63;5 MG + 100 MG CAP CT BL AL PLAS OPC X 60;Regulado;Positiva
1023511310042;658,15;180 MG COM REV LIB RETARD CT BL AL AL X 120;Regulado;Positiva
1023511310141;1316,29;360 MG COM REV LIB RETARD CT BL AL AL X 120;Regulado;Positiva
1023511320031;79,6;10 MG COM CT BL AL PLAS OPC X 30;Regulado;Positiva
1023511320056;159,08;10 MG COM CT BL AL PLAS OPC X 60;Regulado;Positiva
1023511330035;221,55;8 MG CAP DURA LIB PROL CT BL AL PLAS OPC X 28;Regulado;Positiva
1023511330094;194,01;16 MG CAP DURA LIB PROL CT BL AL PLAS OPC X 28;Regulado;Positiva
1023511330159;208,63;24 MG CAP DURA LIB PROL CT BL AL PLAS OPC X 28;Regulado;Positiva
1023511340049;209,56;5 MG COM REV CT BL AL PLAS OPC X 30;Regulado;Positiva
1023511340073;27,94;20 MG COM REV CT BL AL PLAS OPC X 1;Regulado;Positiva
1023511340081;55,88;20 MG COM REV CT BL AL PLAS OPC X 2;Regulado;Positiva
1023511340091;111,74;20 MG COM REV CT BL AL PLAS OPC X 4;Regulado;Positiva
1023511350036;8;500 MG COM LIB PROL CT BL AL PLAS OPC X 30;Regulado;Positiva
1023511350109;14,11;750 MG COM LIB PROL CT BL AL PLAS OPC X 30;Regulado;Positiva
1023511350176;19,59;1000 MG COM LIB PROL CT BL AL PLAS OPC X 30;Regulado;Positiva
1023511360041;1658,68;20 MG COM REV CT BL AL PLAS OPC X 90;Regulado;Positiva
1023511370037;64,75;10 MG COM REV CT BL AL / AL X 30;Regulado;Positiva
1023511380059;44,68;50 MG COM REV CT BL AL PLAS OPC X 60;Regulado;Positiva
1023511380105;44,67;100 MG COM REV CT BL AL PLAS OPC X 30;Regulado;Positiva
1023511390046;70,43;10 MG + 10 MG COM CT BL AL PLAS OPC X 30;Regulado;Positiva
1023511390127;70,43;10 MG + 20 MG COM CT BL AL PLAS OPC X 30;Regulado;Positiva
1023511390208;123,32;10 MG + 40 MG COM CT BL AL PLAS OPC X 30;Regulado;Positiva
1023511410047;29,18;40 MG/G CREM CT BG AL X 30 G;Regulado;Negativa
1023511420042;44,89;40 MG/G CREM CT BG AL X 30 G;Regulado;Negativa
1023511420085;37,03;40 MG/G GEL CT BG AL X 30 G;Regulado;Negativa
1023511430048;52,1;50 MG/ML + 12,5 MG/ML PO SUS OR CT FR PLAS OPC X 75 ML + COL;Regulado;Positiva
1023511430080;52,1;50 MG/ML + 12,5 MG/ML PO SUS OR CT FR PLAS OPC X 75 ML + COP;Regulado;Positiva
1023511440027;66,98;80 MG/ML + 11,4 MG/ML P� SUS OR CT FR PLAS OPC X 70 ML + SER DOS + COP;Regulado;Positiva
1023511450014;74,87;500 MG + 125 MG COM REV CT BL AL AL X 12;Regulado;Positiva
1023511450022;112,31;500 MG + 125 MG COM REV CT BL AL AL X 18�;Regulado;Positiva
1023511450057;131,04;500 MG + 125 MG COM REV CT BL AL AL X 21;Regulado;Positiva
1023511460028;135,3;875 MG + 125 MG COM REV CT BL AL/ AL X 12;Regulado;Positiva
1023511460036;127,3;875 MG + 125 MG COM REV CT BL AL/ AL X 14;Regulado;Positiva
1023511480061;23,71;150 MG COM REV CT BL AL/AL X 20;Regulado;Positiva
1023511490016;21,65;10 MG COM REV CT BL AL PLAC OPC X 10�;Regulado;Positiva
1023511490024;22,67;10 MG COM REV CT BL AL PLAS OPC X 14;Regulado;Positiva
1023511490032;32,2;10 MG COM REV CT BL AL PLAS OPC X 30;Regulado;Positiva
1023511490067;21,65;10 MG COM REV CT BL AL AL X 10�;Regulado;Positiva
1023511490075;22,67;10 MG COM REV CT BL AL AL X 14;Regulado;Positiva
1023511490083;65,03;10 MG COM REV CT BL AL AL X 30;Regulado;Positiva
1023511510033;31,28;20 MG + 5 MG COM REV CT BL AL/AL X 30;Regulado;Positiva
1023511510114;35,4;40 MG + 5 MG COM REV CT BL AL/AL X 30;Regulado;Positiva
1023511510191;35,4;40 MG + 10 MG COM REV CT BL AL/AL X 30;Regulado;Positiva
1023511550027;47,18;3 MG + 0,03 MG COM REV CT BL AL PLAS OPC X 21�;Regulado;Positiva
1023511560014;54,27;1G COM REV CT BL AL PLAS INC X 8;Regulado;Positiva
1023511560111;18,86;500 MG COM REV CT BL AL PLAS LEIT X 8;Regulado;Positiva
1023511560170;22,88;500MG COM REV CT BL AL PLAS LEIT X 10;Regulado;Positiva
1023511570052;120,59;1,5 MG CAP DURA CT BL AL PLAS OPC X 30;Regulado;Positiva
1023511570133;138,49;3 MG CAP DURA CT BL AL PLAS OPC X 30;Regulado;Positiva
1023511570214;157,11;4,5 MG CAP DURA CT BL AL PLAS OPC X 30;Regulado;Positiva
1023511600032;100,48;10 MG COM REV CT BL AL AL X 30;Regulado;Positiva
1023511600091;175,95;20 MG COM REV CT BL AL AL X 30;Regulado;Positiva
1023511620025;145,69;0,05 MG/ML + 5 MG/ML SOL OFT CT FR GOT PLAS TRANSL X 2,5 ML;Regulado;Positiva
1023511630071;27,94;20 MG COM REV CT BL AL PLAS OPC X 1;Regulado;Positiva
1023511630081;55,88;20 MG COM REV CT BL AL PLAS OPC X 2;Regulado;Positiva
1023511640018;7471,58;100 MG COM REV CT BL AL PLAS OPC X 60;Regulado;Positiva
1023511640034;14469,88;400 MG COM REV CT BL AL PLAS OPC X 30;Regulado;Positiva
1023511660027;8,6;0,5 MG/ML SOL CT FR GOT PLAS OPC X 30 ML�;Regulado;Negativa
1023511660051;8,61;0,5 MG/ML SOL NAS CT FR GOT PLAS TRANSL X 30 ML;Regulado;Negativa
1023511670022;18,31;(125,0 + 5,0) MG COM REV CT BL AL PLAS OPC X 15;Regulado;Negativa
1023511670030;36,64;(125,0 + 5,0) MG COM REV CT BL AL PLAS OPC X 30;Regulado;Negativa
1023511680011;14,95;10 MG/ML SOL TOP SPRAY CT FR VD AMB X 20 ML;Regulado;Positiva
1023511710032;30,4;5 MG COM REV CT BL AL PLAS OPC X 10;Liberado;Negativa
1023511710067;24,34;0,5 MG/ML XPE CT FR VD AMB X 60 ML + SER DOS;Liberado;Negativa
1023511710075;40,56;0,5 MG/ML XPE CT FR VD AMB X 100 ML + SER DOS;Liberado;Negativa
1023511710091;73,01;5 MG COM REV CT BL AL PLAS OPC X 30;Liberado;Negativa
1023511710164;24,34;0,5 MG/ML XPE CT FR PLAS AMB X 60 ML + SER DOS;Liberado;Negativa
1023511710172;40,56;0,5 MG/ML XPE CT FR PLAS AMB X 100 ML + SER DOS;Liberado;Negativa
1023511720038;4137,88;0,5 MG CAP DURA CT BL AL PLAS PVDC OPC X 28;Regulado;Negativa
1023511780030;19,66;0,5 MG/G + 1 MG/G + 10 MG/G + 10 MG/G CREM DERM CT BG AL X 20 G;Regulado;Negativa
1023511790036;19,66;0,5 MG/G + 1 MG/G + 10 MG/G + 10 MG/G CREM DERM CT BG AL X 20 G;Regulado;Negativa
1023511800015;15,77;32 MCG SUS SPR NAS CT FR VD AMB X 120 ACION;Regulado;Positiva
1023511800023;27,96;64 MCG SUS SPR NAS CT FR VD AMB X 120 ACION;Regulado;Positiva
1023511820024;41,55;20 MG COM REV LIB RETARD CT BL AL AL X 14;Regulado;Positiva
1023511820032;83,07;20 MG COM REV  LIB RETARD CT BL AL AL X 28;Regulado;Positiva
1023511820067;86,82;40 MG COM REV LIB RETARD CT BL AL AL X 14;Regulado;Positiva
1023511820075;173,65;40 MG COM REV LIB RETARD CT BL AL AL X 28;Regulado;Positiva
1023511820091;44,51;20 MG COM REV LIB RETARD CT BL AL AL X 15;Regulado;Positiva
1023511820105;89,02;20 MG COM REV LIB RETARD CT BL AL AL X 30;Regulado;Positiva
1023511820113;178,03;20 MG COM REV LIB RETARD CT BL AL AL X 60;Regulado;Positiva
1023511820148;93,03;40 MG COM REV LIB RETARD CT BL AL AL X 15;Regulado;Positiva
1023511820156;186,05;40 MG COM REV LIB RETARD CT BL AL AL X 30;Regulado;Positiva
